case,baseline,candidate,mode,layer,datatype,side,rank,area_um2,bbox_um,size_um
clements_8x8,standard,python_original,raw,44,0,only_baseline,1,0.49,"[3299.85, 822.275, 3300.55, 822.975]","[0.7, 0.7]"
clements_8x8,standard,python_original,raw,44,0,only_baseline,2,0.49,"[3301.85, 822.275, 3302.55, 822.975]","[0.7, 0.7]"
clements_8x8,standard,python_original,raw,44,0,only_baseline,3,0.49,"[3303.85, 822.275, 3304.55, 822.975]","[0.7, 0.7]"
clements_8x8,standard,python_original,raw,44,0,only_baseline,4,0.49,"[3305.85, 822.275, 3306.55, 822.975]","[0.7, 0.7]"
clements_8x8,standard,python_original,raw,44,0,only_baseline,5,0.49,"[3307.85, 822.275, 3308.55, 822.975]","[0.7, 0.7]"
clements_8x8,standard,python_original,raw,44,0,only_baseline,6,0.49,"[3520.65, 822.275, 3521.35, 822.975]","[0.7, 0.7]"
clements_8x8,standard,python_original,raw,44,0,only_baseline,7,0.49,"[3522.65, 822.275, 3523.35, 822.975]","[0.7, 0.7]"
clements_8x8,standard,python_original,raw,44,0,only_baseline,8,0.49,"[3524.65, 822.275, 3525.35, 822.975]","[0.7, 0.7]"
clements_8x8,standard,python_original,raw,44,0,only_baseline,9,0.49,"[3526.65, 822.275, 3527.35, 822.975]","[0.7, 0.7]"
clements_8x8,standard,python_original,raw,44,0,only_baseline,10,0.49,"[3528.65, 822.275, 3529.35, 822.975]","[0.7, 0.7]"
clements_8x8,standard,python_original,raw,44,0,only_baseline,11,0.49,"[3299.85, 824.275, 3300.55, 824.975]","[0.7, 0.7]"
clements_8x8,standard,python_original,raw,44,0,only_baseline,12,0.49,"[3301.85, 824.275, 3302.55, 824.975]","[0.7, 0.7]"
clements_8x8,standard,python_original,raw,44,0,only_baseline,13,0.49,"[3303.85, 824.275, 3304.55, 824.975]","[0.7, 0.7]"
clements_8x8,standard,python_original,raw,44,0,only_baseline,14,0.49,"[3305.85, 824.275, 3306.55, 824.975]","[0.7, 0.7]"
clements_8x8,standard,python_original,raw,44,0,only_baseline,15,0.49,"[3307.85, 824.275, 3308.55, 824.975]","[0.7, 0.7]"
clements_8x8,standard,python_original,raw,44,0,only_baseline,16,0.49,"[3520.65, 824.275, 3521.35, 824.975]","[0.7, 0.7]"
clements_8x8,standard,python_original,raw,44,0,only_baseline,17,0.49,"[3522.65, 824.275, 3523.35, 824.975]","[0.7, 0.7]"
clements_8x8,standard,python_original,raw,44,0,only_baseline,18,0.49,"[3524.65, 824.275, 3525.35, 824.975]","[0.7, 0.7]"
clements_8x8,standard,python_original,raw,44,0,only_baseline,19,0.49,"[3526.65, 824.275, 3527.35, 824.975]","[0.7, 0.7]"
clements_8x8,standard,python_original,raw,44,0,only_baseline,20,0.49,"[3528.65, 824.275, 3529.35, 824.975]","[0.7, 0.7]"
clements_8x8,standard,python_original,raw,44,0,only_candidate,1,0.49,"[3300.85, 823.275, 3301.55, 823.975]","[0.7, 0.7]"
clements_8x8,standard,python_original,raw,44,0,only_candidate,2,0.49,"[3302.85, 823.275, 3303.55, 823.975]","[0.7, 0.7]"
clements_8x8,standard,python_original,raw,44,0,only_candidate,3,0.49,"[3304.85, 823.275, 3305.55, 823.975]","[0.7, 0.7]"
clements_8x8,standard,python_original,raw,44,0,only_candidate,4,0.49,"[3306.85, 823.275, 3307.55, 823.975]","[0.7, 0.7]"
clements_8x8,standard,python_original,raw,44,0,only_candidate,5,0.49,"[3521.65, 823.275, 3522.35, 823.975]","[0.7, 0.7]"
clements_8x8,standard,python_original,raw,44,0,only_candidate,6,0.49,"[3523.65, 823.275, 3524.35, 823.975]","[0.7, 0.7]"
clements_8x8,standard,python_original,raw,44,0,only_candidate,7,0.49,"[3525.65, 823.275, 3526.35, 823.975]","[0.7, 0.7]"
clements_8x8,standard,python_original,raw,44,0,only_candidate,8,0.49,"[3527.65, 823.275, 3528.35, 823.975]","[0.7, 0.7]"
clements_8x8,standard,python_original,raw,44,0,only_candidate,9,0.49,"[3300.85, 825.275, 3301.55, 825.975]","[0.7, 0.7]"
clements_8x8,standard,python_original,raw,44,0,only_candidate,10,0.49,"[3302.85, 825.275, 3303.55, 825.975]","[0.7, 0.7]"
clements_8x8,standard,python_original,raw,44,0,only_candidate,11,0.49,"[3304.85, 825.275, 3305.55, 825.975]","[0.7, 0.7]"
clements_8x8,standard,python_original,raw,44,0,only_candidate,12,0.49,"[3306.85, 825.275, 3307.55, 825.975]","[0.7, 0.7]"
clements_8x8,standard,python_original,raw,44,0,only_candidate,13,0.49,"[3521.65, 825.275, 3522.35, 825.975]","[0.7, 0.7]"
clements_8x8,standard,python_original,raw,44,0,only_candidate,14,0.49,"[3523.65, 825.275, 3524.35, 825.975]","[0.7, 0.7]"
clements_8x8,standard,python_original,raw,44,0,only_candidate,15,0.49,"[3525.65, 825.275, 3526.35, 825.975]","[0.7, 0.7]"
clements_8x8,standard,python_original,raw,44,0,only_candidate,16,0.49,"[3527.65, 825.275, 3528.35, 825.975]","[0.7, 0.7]"
clements_8x8,standard,python_original,raw,44,0,only_candidate,17,0.49,"[3300.85, 919.275, 3301.55, 919.975]","[0.7, 0.7]"
clements_8x8,standard,python_original,raw,44,0,only_candidate,18,0.49,"[3302.85, 919.275, 3303.55, 919.975]","[0.7, 0.7]"
clements_8x8,standard,python_original,raw,44,0,only_candidate,19,0.49,"[3304.85, 919.275, 3305.55, 919.975]","[0.7, 0.7]"
clements_8x8,standard,python_original,raw,44,0,only_candidate,20,0.49,"[3306.85, 919.275, 3307.55, 919.975]","[0.7, 0.7]"
clements_8x8,python_original,cpp,raw,44,0,only_baseline,1,0.49,"[3300.85, 823.275, 3301.55, 823.975]","[0.7, 0.7]"
clements_8x8,python_original,cpp,raw,44,0,only_baseline,2,0.49,"[3302.85, 823.275, 3303.55, 823.975]","[0.7, 0.7]"
clements_8x8,python_original,cpp,raw,44,0,only_baseline,3,0.49,"[3304.85, 823.275, 3305.55, 823.975]","[0.7, 0.7]"
clements_8x8,python_original,cpp,raw,44,0,only_baseline,4,0.49,"[3306.85, 823.275, 3307.55, 823.975]","[0.7, 0.7]"
clements_8x8,python_original,cpp,raw,44,0,only_baseline,5,0.49,"[3521.65, 823.275, 3522.35, 823.975]","[0.7, 0.7]"
clements_8x8,python_original,cpp,raw,44,0,only_baseline,6,0.49,"[3523.65, 823.275, 3524.35, 823.975]","[0.7, 0.7]"
clements_8x8,python_original,cpp,raw,44,0,only_baseline,7,0.49,"[3525.65, 823.275, 3526.35, 823.975]","[0.7, 0.7]"
clements_8x8,python_original,cpp,raw,44,0,only_baseline,8,0.49,"[3527.65, 823.275, 3528.35, 823.975]","[0.7, 0.7]"
clements_8x8,python_original,cpp,raw,44,0,only_baseline,9,0.49,"[3300.85, 825.275, 3301.55, 825.975]","[0.7, 0.7]"
clements_8x8,python_original,cpp,raw,44,0,only_baseline,10,0.49,"[3302.85, 825.275, 3303.55, 825.975]","[0.7, 0.7]"
clements_8x8,python_original,cpp,raw,44,0,only_baseline,11,0.49,"[3304.85, 825.275, 3305.55, 825.975]","[0.7, 0.7]"
clements_8x8,python_original,cpp,raw,44,0,only_baseline,12,0.49,"[3306.85, 825.275, 3307.55, 825.975]","[0.7, 0.7]"
clements_8x8,python_original,cpp,raw,44,0,only_baseline,13,0.49,"[3521.65, 825.275, 3522.35, 825.975]","[0.7, 0.7]"
clements_8x8,python_original,cpp,raw,44,0,only_baseline,14,0.49,"[3523.65, 825.275, 3524.35, 825.975]","[0.7, 0.7]"
clements_8x8,python_original,cpp,raw,44,0,only_baseline,15,0.49,"[3525.65, 825.275, 3526.35, 825.975]","[0.7, 0.7]"
clements_8x8,python_original,cpp,raw,44,0,only_baseline,16,0.49,"[3527.65, 825.275, 3528.35, 825.975]","[0.7, 0.7]"
clements_8x8,python_original,cpp,raw,44,0,only_baseline,17,0.49,"[3300.85, 919.275, 3301.55, 919.975]","[0.7, 0.7]"
clements_8x8,python_original,cpp,raw,44,0,only_baseline,18,0.49,"[3302.85, 919.275, 3303.55, 919.975]","[0.7, 0.7]"
clements_8x8,python_original,cpp,raw,44,0,only_baseline,19,0.49,"[3304.85, 919.275, 3305.55, 919.975]","[0.7, 0.7]"
clements_8x8,python_original,cpp,raw,44,0,only_baseline,20,0.49,"[3306.85, 919.275, 3307.55, 919.975]","[0.7, 0.7]"
clements_8x8,python_original,cpp,raw,44,0,only_candidate,1,0.49,"[3299.85, 822.275, 3300.55, 822.975]","[0.7, 0.7]"
clements_8x8,python_original,cpp,raw,44,0,only_candidate,2,0.49,"[3301.85, 822.275, 3302.55, 822.975]","[0.7, 0.7]"
clements_8x8,python_original,cpp,raw,44,0,only_candidate,3,0.49,"[3303.85, 822.275, 3304.55, 822.975]","[0.7, 0.7]"
clements_8x8,python_original,cpp,raw,44,0,only_candidate,4,0.49,"[3305.85, 822.275, 3306.55, 822.975]","[0.7, 0.7]"
clements_8x8,python_original,cpp,raw,44,0,only_candidate,5,0.49,"[3307.85, 822.275, 3308.55, 822.975]","[0.7, 0.7]"
clements_8x8,python_original,cpp,raw,44,0,only_candidate,6,0.49,"[3520.65, 822.275, 3521.35, 822.975]","[0.7, 0.7]"
clements_8x8,python_original,cpp,raw,44,0,only_candidate,7,0.49,"[3522.65, 822.275, 3523.35, 822.975]","[0.7, 0.7]"
clements_8x8,python_original,cpp,raw,44,0,only_candidate,8,0.49,"[3524.65, 822.275, 3525.35, 822.975]","[0.7, 0.7]"
clements_8x8,python_original,cpp,raw,44,0,only_candidate,9,0.49,"[3526.65, 822.275, 3527.35, 822.975]","[0.7, 0.7]"
clements_8x8,python_original,cpp,raw,44,0,only_candidate,10,0.49,"[3528.65, 822.275, 3529.35, 822.975]","[0.7, 0.7]"
clements_8x8,python_original,cpp,raw,44,0,only_candidate,11,0.49,"[3299.85, 824.275, 3300.55, 824.975]","[0.7, 0.7]"
clements_8x8,python_original,cpp,raw,44,0,only_candidate,12,0.49,"[3301.85, 824.275, 3302.55, 824.975]","[0.7, 0.7]"
clements_8x8,python_original,cpp,raw,44,0,only_candidate,13,0.49,"[3303.85, 824.275, 3304.55, 824.975]","[0.7, 0.7]"
clements_8x8,python_original,cpp,raw,44,0,only_candidate,14,0.49,"[3305.85, 824.275, 3306.55, 824.975]","[0.7, 0.7]"
clements_8x8,python_original,cpp,raw,44,0,only_candidate,15,0.49,"[3307.85, 824.275, 3308.55, 824.975]","[0.7, 0.7]"
clements_8x8,python_original,cpp,raw,44,0,only_candidate,16,0.49,"[3520.65, 824.275, 3521.35, 824.975]","[0.7, 0.7]"
clements_8x8,python_original,cpp,raw,44,0,only_candidate,17,0.49,"[3522.65, 824.275, 3523.35, 824.975]","[0.7, 0.7]"
clements_8x8,python_original,cpp,raw,44,0,only_candidate,18,0.49,"[3524.65, 824.275, 3525.35, 824.975]","[0.7, 0.7]"
clements_8x8,python_original,cpp,raw,44,0,only_candidate,19,0.49,"[3526.65, 824.275, 3527.35, 824.975]","[0.7, 0.7]"
clements_8x8,python_original,cpp,raw,44,0,only_candidate,20,0.49,"[3528.65, 824.275, 3529.35, 824.975]","[0.7, 0.7]"
multiportmmi_8x8,standard,cpp,raw,1,0,only_baseline,1,0.559644,"[4078.287, 604.138, 4230.256, 760.964]","[151.969, 156.826]"
multiportmmi_8x8,standard,cpp,raw,1,0,only_baseline,2,0.362717,"[4068.295, 782.643, 4136.152, 853.389]","[67.857, 70.746]"
multiportmmi_8x8,standard,cpp,raw,1,0,only_baseline,3,0.357179,"[4141.32, 855.409, 4186.186, 903.245]","[44.866, 47.836]"
multiportmmi_8x8,standard,cpp,raw,1,0,only_baseline,4,0.225096,"[4235.425, 760.964, 4276.397, 801.842]","[40.972, 40.878]"
multiportmmi_8x8,standard,cpp,raw,1,0,only_baseline,5,0.126115,"[4191.356, 904.917, 4233.483, 947.22]","[42.127, 42.303]"
multiportmmi_8x8,standard,cpp,raw,1,0,only_baseline,6,0.122711,"[4260.056, 967.991, 4335.713, 1048.365]","[75.657, 80.374]"
multiportmmi_8x8,standard,cpp,raw,1,0,only_baseline,7,0.113247,"[4278.423, 807.012, 4323.36, 848.717]","[44.937, 41.705]"
multiportmmi_8x8,standard,cpp,raw,1,0,only_baseline,8,0.086961,"[4139.648, 760.614, 4226.425, 847.731]","[86.777, 87.117]"
multiportmmi_8x8,standard,cpp,raw,1,0,only_baseline,9,0.05074,"[4235.424, 651.295, 4335.357, 751.614]","[99.933, 100.319]"
multiportmmi_8x8,standard,cpp,raw,1,0,only_baseline,10,0.047651,"[4132.679, 851.581, 4141.325, 855.414]","[8.646, 3.833]"
multiportmmi_8x8,standard,cpp,raw,1,0,only_baseline,11,0.035873,"[1982.867, 851.31, 2047.354, 916.018]","[64.487, 64.708]"
multiportmmi_8x8,standard,cpp,raw,1,0,only_baseline,12,0.032517,"[4182.712, 901.44, 4191.358, 905.271]","[8.646, 3.831]"
multiportmmi_8x8,standard,cpp,raw,1,0,only_baseline,13,0.032163,"[4228.453, 757.136, 4235.427, 760.967]","[6.974, 3.831]"
multiportmmi_8x8,standard,cpp,raw,1,0,only_baseline,14,0.022565,"[2540.147, 712.182, 2541.277, 713.168]","[1.13, 0.986]"
multiportmmi_8x8,standard,cpp,raw,1,0,only_baseline,15,0.022543,"[3555.792, 1003.303, 3601.716, 1048.389]","[45.924, 45.086]"
multiportmmi_8x8,standard,cpp,raw,1,0,only_baseline,16,0.021216,"[2540.571, 712.501, 2541.522, 713.474]","[0.951, 0.973]"
multiportmmi_8x8,standard,cpp,raw,1,0,only_baseline,17,0.021005,"[4233.835, 946.866, 4254.884, 967.827]","[21.049, 20.961]"
multiportmmi_8x8,standard,cpp,raw,1,0,only_baseline,18,0.018465,"[4276.396, 801.84, 4280.225, 808.814]","[3.829, 6.974]"
multiportmmi_8x8,standard,cpp,raw,1,0,only_baseline,19,0.016139,"[4263.529, 951.363, 4279.344, 967.828]","[15.815, 16.465]"
multiportmmi_8x8,standard,cpp,raw,1,0,only_baseline,20,0.01143,"[4236.656, 975.156, 4256.557, 996.139]","[19.901, 20.983]"
multiportmmi_8x8,standard,cpp,raw,1,0,only_candidate,1,0.591936,"[4078.64, 603.784, 4226.782, 751.614]","[148.142, 147.83]"
multiportmmi_8x8,standard,cpp,raw,1,0,only_candidate,2,0.379842,"[4137.845, 846.414, 4187.035, 899.745]","[49.19, 53.331]"
multiportmmi_8x8,standard,cpp,raw,1,0,only_candidate,3,0.36148,"[4068.648, 782.289, 4139.647, 849.888]","[70.999, 67.599]"
multiportmmi_8x8,standard,cpp,raw,1,0,only_candidate,4,0.2796,"[4231.95, 753.635, 4283.726, 805.316]","[51.776, 51.681]"
multiportmmi_8x8,standard,cpp,raw,1,0,only_candidate,5,0.153563,"[4187.881, 900.591, 4233.835, 946.866]","[45.954, 46.275]"
multiportmmi_8x8,standard,cpp,raw,1,0,only_candidate,6,0.115498,"[4259.207, 973.352, 4335.36, 1048.72]","[76.153, 75.368]"
multiportmmi_8x8,standard,cpp,raw,1,0,only_candidate,7,0.110931,"[4281.921, 806.163, 4323.817, 848.466]","[41.896, 42.303]"
multiportmmi_8x8,standard,cpp,raw,1,0,only_candidate,8,0.065669,"[4095.922, 1017.734, 4227.713, 1148.365]","[131.791, 130.631]"
multiportmmi_8x8,standard,cpp,raw,1,0,only_candidate,9,0.04392,"[4191.713, 809.17, 4278.421, 896.267]","[86.708, 87.097]"
multiportmmi_8x8,standard,cpp,raw,1,0,only_candidate,10,0.038873,"[1969.607, 751.309, 2047.354, 829.95]","[77.747, 78.641]"
multiportmmi_8x8,standard,cpp,raw,1,0,only_candidate,11,0.036122,"[4226.778, 751.611, 4235.778, 755.442]","[9.0, 3.831]"
multiportmmi_8x8,standard,cpp,raw,1,0,only_candidate,12,0.035353,"[4233.483, 947.22, 4256.202, 969.851]","[22.719, 22.631]"
multiportmmi_8x8,standard,cpp,raw,1,0,only_candidate,13,0.025095,"[4285.397, 751.296, 4335.357, 801.486]","[49.96, 50.19]"
multiportmmi_8x8,standard,cpp,raw,1,0,only_candidate,14,0.012433,"[1467.386, 551.327, 1489.351, 573.73]","[21.965, 22.403]"
multiportmmi_8x8,standard,cpp,raw,1,0,only_candidate,15,0.007601,"[2557.547, 781.06, 2570.055, 793.891]","[12.508, 12.831]"
multiportmmi_8x8,standard,cpp,raw,1,0,only_candidate,16,0.007203,"[1966.946, 921.19, 1978.412, 932.097]","[11.466, 10.907]"
multiportmmi_8x8,standard,cpp,raw,1,0,only_candidate,17,0.006645,"[1971.624, 919.872, 1980.216, 928.62]","[8.592, 8.748]"
multiportmmi_8x8,standard,cpp,raw,1,0,only_candidate,18,0.005056,"[4256.202, 969.851, 4258.359, 975.154]","[2.157, 5.303]"
multiportmmi_8x8,standard,cpp,raw,1,0,only_candidate,19,0.004968,"[1483.405, 651.383, 1493.341, 661.748]","[9.936, 10.365]"
multiportmmi_8x8,standard,cpp,raw,1,0,only_candidate,20,0.00485,"[2013.527, 961.641, 2021.984, 970.517]","[8.457, 8.876]"
multiportmmi_8x8,standard,cpp,raw,2,0,only_baseline,1,0.042434,"[4134.736, 848.614, 4139.119, 852.997]","[4.383, 4.383]"
multiportmmi_8x8,standard,cpp,raw,2,0,only_baseline,2,0.033878,"[4228.841, 754.168, 4233.224, 758.551]","[4.383, 4.383]"
multiportmmi_8x8,standard,cpp,raw,2,0,only_baseline,3,0.025365,"[4184.772, 898.473, 4189.153, 902.854]","[4.381, 4.381]"
multiportmmi_8x8,standard,cpp,raw,2,0,only_baseline,4,0.01691,"[4278.812, 804.044, 4283.193, 808.425]","[4.381, 4.381]"
multiportmmi_8x8,standard,cpp,raw,2,0,only_baseline,5,0.008455,"[4257.087, 970.243, 4261.468, 974.624]","[4.381, 4.381]"
multiportmmi_8x8,standard,cpp,raw,2,0,only_candidate,1,0.042434,"[4134.878, 848.472, 4139.261, 852.855]","[4.383, 4.383]"
multiportmmi_8x8,standard,cpp,raw,2,0,only_candidate,2,0.033878,"[4228.982, 754.027, 4233.365, 758.41]","[4.383, 4.383]"
multiportmmi_8x8,standard,cpp,raw,2,0,only_candidate,3,0.025365,"[4184.914, 898.331, 4189.295, 902.712]","[4.381, 4.381]"
multiportmmi_8x8,standard,cpp,raw,2,0,only_candidate,4,0.01691,"[4278.953, 803.903, 4283.334, 808.284]","[4.381, 4.381]"
multiportmmi_8x8,standard,cpp,raw,2,0,only_candidate,5,0.008455,"[4256.947, 970.383, 4261.328, 974.764]","[4.381, 4.381]"
multiportmmi_8x8,standard,python_original,raw,1,0,only_baseline,1,0.753555,"[4191.356, 905.263, 4258.362, 972.503]","[67.006, 67.24]"
multiportmmi_8x8,standard,python_original,raw,1,0,only_baseline,2,0.73587,"[4141.32, 855.406, 4186.192, 903.245]","[44.872, 47.839]"
multiportmmi_8x8,standard,python_original,raw,1,0,only_baseline,3,0.588998,"[4068.295, 782.643, 4136.156, 855.052]","[67.861, 72.409]"
multiportmmi_8x8,standard,python_original,raw,1,0,only_baseline,4,0.555702,"[4078.287, 604.138, 4230.256, 758.942]","[151.969, 154.804]"
multiportmmi_8x8,standard,python_original,raw,1,0,only_baseline,5,0.296285,"[4236.656, 973.348, 4335.36, 1048.72]","[98.704, 75.372]"
multiportmmi_8x8,standard,python_original,raw,1,0,only_baseline,6,0.225096,"[4235.425, 760.964, 4276.397, 801.842]","[40.972, 40.878]"
multiportmmi_8x8,standard,python_original,raw,1,0,only_baseline,7,0.109837,"[4278.423, 807.012, 4323.36, 848.717]","[44.937, 41.705]"
multiportmmi_8x8,standard,python_original,raw,1,0,only_baseline,8,0.087823,"[4139.651, 760.614, 4226.425, 847.728]","[86.774, 87.114]"
multiportmmi_8x8,standard,python_original,raw,1,0,only_baseline,9,0.083397,"[4102.279, 901.434, 4191.364, 985.361]","[89.085, 83.927]"
multiportmmi_8x8,standard,python_original,raw,1,0,only_baseline,10,0.072753,"[4134.345, 851.578, 4141.328, 855.414]","[6.983, 3.836]"
multiportmmi_8x8,standard,python_original,raw,1,0,only_baseline,11,0.05074,"[4235.424, 651.295, 4335.357, 751.614]","[99.933, 100.319]"
multiportmmi_8x8,standard,python_original,raw,1,0,only_baseline,12,0.036497,"[4228.449, 757.136, 4235.428, 760.967]","[6.979, 3.831]"
multiportmmi_8x8,standard,python_original,raw,1,0,only_baseline,13,0.014879,"[4276.396, 801.841, 4280.225, 808.814]","[3.829, 6.973]"
multiportmmi_8x8,standard,python_original,raw,1,0,only_baseline,14,0.007792,"[4263.669, 951.71, 4279.705, 968.176]","[16.036, 16.466]"
multiportmmi_8x8,standard,python_original,raw,1,0,only_baseline,15,0.004752,"[4260.06, 968.179, 4263.885, 972.499]","[3.825, 4.32]"
multiportmmi_8x8,standard,python_original,raw,1,0,only_baseline,16,0.000718,"[4254.532, 976.823, 4254.741, 977.028]","[0.209, 0.205]"
multiportmmi_8x8,standard,python_original,raw,1,0,only_baseline,17,0.000706,"[4285.397, 801.486, 4285.751, 801.84]","[0.354, 0.354]"
multiportmmi_8x8,standard,python_original,raw,1,0,only_baseline,18,0.000538,"[4191.355, 895.909, 4191.718, 896.263]","[0.363, 0.354]"
multiportmmi_8x8,standard,python_original,raw,1,0,only_baseline,19,0.000534,"[4226.425, 760.61, 4226.782, 760.964]","[0.357, 0.354]"
multiportmmi_8x8,standard,python_original,raw,1,0,only_baseline,20,0.000252,"[454.713, 750.193, 455.078, 750.295]","[0.365, 0.102]"
multiportmmi_8x8,standard,python_original,raw,1,0,only_candidate,1,0.90159,"[4187.881, 895.917, 4254.888, 967.826]","[67.007, 71.909]"
multiportmmi_8x8,standard,python_original,raw,1,0,only_candidate,2,0.75264,"[4137.845, 846.414, 4182.717, 895.917]","[44.872, 49.503]"
multiportmmi_8x8,standard,python_original,raw,1,0,only_candidate,3,0.591936,"[4078.64, 603.784, 4226.782, 751.614]","[148.142, 147.83]"
multiportmmi_8x8,standard,python_original,raw,1,0,only_candidate,4,0.511184,"[4068.648, 782.289, 4132.681, 846.06]","[64.033, 63.771]"
multiportmmi_8x8,standard,python_original,raw,1,0,only_candidate,5,0.301114,"[4231.95, 753.635, 4283.726, 805.316]","[51.776, 51.681]"
multiportmmi_8x8,standard,python_original,raw,1,0,only_candidate,6,0.279242,"[4260.057, 972.499, 4335.713, 1048.365]","[75.656, 75.866]"
multiportmmi_8x8,standard,python_original,raw,1,0,only_candidate,7,0.113354,"[4281.921, 801.489, 4323.817, 848.466]","[41.896, 46.977]"
multiportmmi_8x8,standard,python_original,raw,1,0,only_candidate,8,0.075577,"[4182.709, 895.909, 4189.683, 899.745]","[6.974, 3.836]"
multiportmmi_8x8,standard,python_original,raw,1,0,only_candidate,9,0.071842,"[4132.673, 846.053, 4139.647, 849.888]","[6.974, 3.835]"
multiportmmi_8x8,standard,python_original,raw,1,0,only_candidate,10,0.043917,"[4191.718, 809.17, 4278.421, 896.262]","[86.703, 87.092]"
multiportmmi_8x8,standard,python_original,raw,1,0,only_candidate,11,0.043724,"[4254.651, 951.363, 4279.344, 971.654]","[24.693, 20.291]"
multiportmmi_8x8,standard,python_original,raw,1,0,only_candidate,12,0.036122,"[4226.778, 751.611, 4235.778, 755.442]","[9.0, 3.831]"
multiportmmi_8x8,standard,python_original,raw,1,0,only_candidate,13,0.034206,"[4068.635, 853.742, 4134.345, 919.713]","[65.71, 65.971]"
multiportmmi_8x8,standard,python_original,raw,1,0,only_candidate,14,0.005,"[4254.534, 972.503, 4258.359, 976.823]","[3.825, 4.32]"
multiportmmi_8x8,standard,python_original,raw,1,0,only_candidate,15,0.001043,"[4141.682, 760.614, 4226.782, 846.405]","[85.1, 85.791]"
multiportmmi_8x8,standard,python_original,raw,1,0,only_candidate,16,0.000718,"[4263.678, 967.974, 4263.887, 968.179]","[0.209, 0.205]"
multiportmmi_8x8,standard,python_original,raw,1,0,only_candidate,17,0.000706,"[4254.528, 976.826, 4254.738, 977.031]","[0.21, 0.205]"
multiportmmi_8x8,standard,python_original,raw,1,0,only_candidate,18,0.000311,"[4335.713, 1048.365, 4336.128, 1048.768]","[0.415, 0.403]"
multiportmmi_8x8,standard,python_original,raw,1,0,only_candidate,19,0.000291,"[461.222, 746.796, 461.438, 746.833]","[0.216, 0.037]"
multiportmmi_8x8,standard,python_original,raw,1,0,only_candidate,20,0.000291,"[454.562, 750.792, 454.778, 750.829]","[0.216, 0.037]"
multiportmmi_8x8,standard,python_original,raw,2,0,only_baseline,1,0.076308,"[4184.772, 898.469, 4189.157, 902.854]","[4.385, 4.385]"
multiportmmi_8x8,standard,python_original,raw,2,0,only_baseline,2,0.072117,"[4134.736, 848.611, 4139.119, 852.997]","[4.383, 4.386]"
multiportmmi_8x8,standard,python_original,raw,2,0,only_baseline,3,0.033878,"[4228.841, 754.168, 4233.224, 758.551]","[4.383, 4.383]"
multiportmmi_8x8,standard,python_original,raw,2,0,only_baseline,4,0.029689,"[4256.948, 970.382, 4261.332, 974.763]","[4.384, 4.381]"
multiportmmi_8x8,standard,python_original,raw,2,0,only_baseline,5,0.01691,"[4278.812, 804.044, 4283.193, 808.425]","[4.381, 4.381]"
multiportmmi_8x8,standard,python_original,raw,2,0,only_candidate,1,0.076308,"[4184.916, 898.325, 4189.301, 902.71]","[4.385, 4.385]"
multiportmmi_8x8,standard,python_original,raw,2,0,only_candidate,2,0.072117,"[4134.882, 848.469, 4139.265, 852.855]","[4.383, 4.386]"
multiportmmi_8x8,standard,python_original,raw,2,0,only_candidate,3,0.033878,"[4228.982, 754.027, 4233.365, 758.41]","[4.383, 4.383]"
multiportmmi_8x8,standard,python_original,raw,2,0,only_candidate,4,0.029689,"[4257.087, 970.239, 4261.471, 974.62]","[4.384, 4.381]"
multiportmmi_8x8,standard,python_original,raw,2,0,only_candidate,5,0.01691,"[4278.953, 803.903, 4283.334, 808.284]","[4.381, 4.381]"
multiportmmi_8x8,standard,python_original,raw,44,0,only_baseline,1,0.49,"[3611.35, 1045.65, 3612.05, 1046.35]","[0.7, 0.7]"
multiportmmi_8x8,standard,python_original,raw,44,0,only_baseline,2,0.49,"[3613.35, 1045.65, 3614.05, 1046.35]","[0.7, 0.7]"
multiportmmi_8x8,standard,python_original,raw,44,0,only_baseline,3,0.49,"[3615.35, 1045.65, 3616.05, 1046.35]","[0.7, 0.7]"
multiportmmi_8x8,standard,python_original,raw,44,0,only_baseline,4,0.49,"[3617.35, 1045.65, 3618.05, 1046.35]","[0.7, 0.7]"
multiportmmi_8x8,standard,python_original,raw,44,0,only_baseline,5,0.49,"[3619.35, 1045.65, 3620.05, 1046.35]","[0.7, 0.7]"
multiportmmi_8x8,standard,python_original,raw,44,0,only_baseline,6,0.49,"[3832.15, 1045.65, 3832.85, 1046.35]","[0.7, 0.7]"
multiportmmi_8x8,standard,python_original,raw,44,0,only_baseline,7,0.49,"[3834.15, 1045.65, 3834.85, 1046.35]","[0.7, 0.7]"
multiportmmi_8x8,standard,python_original,raw,44,0,only_baseline,8,0.49,"[3836.15, 1045.65, 3836.85, 1046.35]","[0.7, 0.7]"
multiportmmi_8x8,standard,python_original,raw,44,0,only_baseline,9,0.49,"[3838.15, 1045.65, 3838.85, 1046.35]","[0.7, 0.7]"
multiportmmi_8x8,standard,python_original,raw,44,0,only_baseline,10,0.49,"[3840.15, 1045.65, 3840.85, 1046.35]","[0.7, 0.7]"
multiportmmi_8x8,standard,python_original,raw,44,0,only_baseline,11,0.49,"[3611.35, 1047.65, 3612.05, 1048.35]","[0.7, 0.7]"
multiportmmi_8x8,standard,python_original,raw,44,0,only_baseline,12,0.49,"[3613.35, 1047.65, 3614.05, 1048.35]","[0.7, 0.7]"
multiportmmi_8x8,standard,python_original,raw,44,0,only_baseline,13,0.49,"[3615.35, 1047.65, 3616.05, 1048.35]","[0.7, 0.7]"
multiportmmi_8x8,standard,python_original,raw,44,0,only_baseline,14,0.49,"[3617.35, 1047.65, 3618.05, 1048.35]","[0.7, 0.7]"
multiportmmi_8x8,standard,python_original,raw,44,0,only_baseline,15,0.49,"[3619.35, 1047.65, 3620.05, 1048.35]","[0.7, 0.7]"
multiportmmi_8x8,standard,python_original,raw,44,0,only_baseline,16,0.49,"[3832.15, 1047.65, 3832.85, 1048.35]","[0.7, 0.7]"
multiportmmi_8x8,standard,python_original,raw,44,0,only_baseline,17,0.49,"[3834.15, 1047.65, 3834.85, 1048.35]","[0.7, 0.7]"
multiportmmi_8x8,standard,python_original,raw,44,0,only_baseline,18,0.49,"[3836.15, 1047.65, 3836.85, 1048.35]","[0.7, 0.7]"
multiportmmi_8x8,standard,python_original,raw,44,0,only_baseline,19,0.49,"[3838.15, 1047.65, 3838.85, 1048.35]","[0.7, 0.7]"
multiportmmi_8x8,standard,python_original,raw,44,0,only_baseline,20,0.49,"[3840.15, 1047.65, 3840.85, 1048.35]","[0.7, 0.7]"
multiportmmi_8x8,standard,python_original,raw,44,0,only_candidate,1,0.49,"[3612.35, 1046.65, 3613.05, 1047.35]","[0.7, 0.7]"
multiportmmi_8x8,standard,python_original,raw,44,0,only_candidate,2,0.49,"[3614.35, 1046.65, 3615.05, 1047.35]","[0.7, 0.7]"
multiportmmi_8x8,standard,python_original,raw,44,0,only_candidate,3,0.49,"[3616.35, 1046.65, 3617.05, 1047.35]","[0.7, 0.7]"
multiportmmi_8x8,standard,python_original,raw,44,0,only_candidate,4,0.49,"[3618.35, 1046.65, 3619.05, 1047.35]","[0.7, 0.7]"
multiportmmi_8x8,standard,python_original,raw,44,0,only_candidate,5,0.49,"[3833.15, 1046.65, 3833.85, 1047.35]","[0.7, 0.7]"
multiportmmi_8x8,standard,python_original,raw,44,0,only_candidate,6,0.49,"[3835.15, 1046.65, 3835.85, 1047.35]","[0.7, 0.7]"
multiportmmi_8x8,standard,python_original,raw,44,0,only_candidate,7,0.49,"[3837.15, 1046.65, 3837.85, 1047.35]","[0.7, 0.7]"
multiportmmi_8x8,standard,python_original,raw,44,0,only_candidate,8,0.49,"[3839.15, 1046.65, 3839.85, 1047.35]","[0.7, 0.7]"
multiportmmi_8x8,standard,python_original,raw,44,0,only_candidate,9,0.49,"[3612.35, 1048.65, 3613.05, 1049.35]","[0.7, 0.7]"
multiportmmi_8x8,standard,python_original,raw,44,0,only_candidate,10,0.49,"[3614.35, 1048.65, 3615.05, 1049.35]","[0.7, 0.7]"
multiportmmi_8x8,standard,python_original,raw,44,0,only_candidate,11,0.49,"[3616.35, 1048.65, 3617.05, 1049.35]","[0.7, 0.7]"
multiportmmi_8x8,standard,python_original,raw,44,0,only_candidate,12,0.49,"[3618.35, 1048.65, 3619.05, 1049.35]","[0.7, 0.7]"
multiportmmi_8x8,standard,python_original,raw,44,0,only_candidate,13,0.49,"[3833.15, 1048.65, 3833.85, 1049.35]","[0.7, 0.7]"
multiportmmi_8x8,standard,python_original,raw,44,0,only_candidate,14,0.49,"[3835.15, 1048.65, 3835.85, 1049.35]","[0.7, 0.7]"
multiportmmi_8x8,standard,python_original,raw,44,0,only_candidate,15,0.49,"[3837.15, 1048.65, 3837.85, 1049.35]","[0.7, 0.7]"
multiportmmi_8x8,standard,python_original,raw,44,0,only_candidate,16,0.49,"[3839.15, 1048.65, 3839.85, 1049.35]","[0.7, 0.7]"
multiportmmi_8x8,standard,python_original,raw,44,0,only_candidate,17,0.49,"[3612.35, 1050.65, 3613.05, 1051.35]","[0.7, 0.7]"
multiportmmi_8x8,standard,python_original,raw,44,0,only_candidate,18,0.49,"[3614.35, 1050.65, 3615.05, 1051.35]","[0.7, 0.7]"
multiportmmi_8x8,standard,python_original,raw,44,0,only_candidate,19,0.49,"[3616.35, 1050.65, 3617.05, 1051.35]","[0.7, 0.7]"
multiportmmi_8x8,standard,python_original,raw,44,0,only_candidate,20,0.49,"[3618.35, 1050.65, 3619.05, 1051.35]","[0.7, 0.7]"
multiportmmi_8x8,python_original,cpp,raw,1,0,only_baseline,1,0.871304,"[4182.713, 895.909, 4261.862, 971.655]","[79.149, 75.746]"
multiportmmi_8x8,python_original,cpp,raw,1,0,only_baseline,2,0.399755,"[4137.85, 848.077, 4182.717, 895.914]","[44.867, 47.837]"
multiportmmi_8x8,python_original,cpp,raw,1,0,only_baseline,3,0.395685,"[4260.056, 972.499, 4335.713, 1048.365]","[75.657, 75.866]"
multiportmmi_8x8,python_original,cpp,raw,1,0,only_baseline,4,0.191694,"[4068.648, 782.289, 4132.681, 846.055]","[64.033, 63.766]"
multiportmmi_8x8,python_original,cpp,raw,1,0,only_baseline,5,0.035873,"[1982.867, 851.31, 2047.354, 916.018]","[64.487, 64.708]"
multiportmmi_8x8,python_original,cpp,raw,1,0,only_baseline,6,0.034084,"[4068.635, 853.737, 4134.35, 919.713]","[65.715, 65.976]"
multiportmmi_8x8,python_original,cpp,raw,1,0,only_baseline,7,0.03019,"[4132.678, 846.053, 4137.005, 849.883]","[4.327, 3.83]"
multiportmmi_8x8,python_original,cpp,raw,1,0,only_baseline,8,0.022565,"[2540.147, 712.182, 2541.277, 713.168]","[1.13, 0.986]"
multiportmmi_8x8,python_original,cpp,raw,1,0,only_baseline,9,0.022543,"[3555.792, 1003.303, 3601.716, 1048.389]","[45.924, 45.086]"
multiportmmi_8x8,python_original,cpp,raw,1,0,only_baseline,10,0.021216,"[2540.571, 712.501, 2541.522, 713.474]","[0.951, 0.973]"
multiportmmi_8x8,python_original,cpp,raw,1,0,only_baseline,11,0.014841,"[4263.529, 951.363, 4279.344, 967.828]","[15.815, 16.465]"
multiportmmi_8x8,python_original,cpp,raw,1,0,only_baseline,12,0.010206,"[2009.625, 1015.377, 2026.559, 1032.592]","[16.934, 17.215]"
multiportmmi_8x8,python_original,cpp,raw,1,0,only_baseline,13,0.007846,"[2559.575, 777.584, 2574.735, 792.57]","[15.16, 14.986]"
multiportmmi_8x8,python_original,cpp,raw,1,0,only_baseline,14,0.007316,"[1482.114, 736.735, 1493.725, 748.445]","[11.611, 11.71]"
multiportmmi_8x8,python_original,cpp,raw,1,0,only_baseline,15,0.005257,"[1465.584, 572.411, 1469.412, 576.735]","[3.828, 4.324]"
multiportmmi_8x8,python_original,cpp,raw,1,0,only_baseline,16,0.005082,"[1478.101, 664.753, 1485.076, 669.43]","[6.975, 4.677]"
multiportmmi_8x8,python_original,cpp,raw,1,0,only_baseline,17,0.00484,"[2570.411, 772.058, 2579.412, 775.886]","[9.001, 3.828]"
multiportmmi_8x8,python_original,cpp,raw,1,0,only_baseline,18,0.00484,"[1476.941, 736.735, 1481.265, 741.412]","[4.324, 4.677]"
multiportmmi_8x8,python_original,cpp,raw,1,0,only_baseline,19,0.004421,"[4231.954, 756.287, 4235.782, 760.611]","[3.828, 4.324]"
multiportmmi_8x8,python_original,cpp,raw,1,0,only_baseline,20,0.003761,"[4276.398, 801.84, 4280.225, 806.163]","[3.827, 4.323]"
multiportmmi_8x8,python_original,cpp,raw,1,0,only_candidate,1,0.645631,"[4191.359, 905.263, 4256.206, 969.851]","[64.847, 64.588]"
multiportmmi_8x8,python_original,cpp,raw,1,0,only_candidate,2,0.404574,"[4137.001, 851.578, 4186.192, 903.242]","[49.191, 51.664]"
multiportmmi_8x8,python_original,cpp,raw,1,0,only_candidate,3,0.399917,"[4256.554, 973.348, 4335.36, 1048.72]","[78.806, 75.372]"
multiportmmi_8x8,python_original,cpp,raw,1,0,only_candidate,4,0.226278,"[4068.295, 782.643, 4136.156, 855.052]","[67.861, 72.409]"
multiportmmi_8x8,python_original,cpp,raw,1,0,only_candidate,5,0.065669,"[4095.922, 1017.734, 4227.713, 1148.365]","[131.791, 130.631]"
multiportmmi_8x8,python_original,cpp,raw,1,0,only_candidate,6,0.049552,"[4184.39, 901.434, 4191.364, 905.267]","[6.974, 3.833]"
multiportmmi_8x8,python_original,cpp,raw,1,0,only_candidate,7,0.038873,"[1969.607, 751.309, 2047.354, 829.95]","[77.747, 78.641]"
multiportmmi_8x8,python_original,cpp,raw,1,0,only_candidate,8,0.020308,"[4256.202, 969.848, 4258.362, 972.504]","[2.16, 2.656]"
multiportmmi_8x8,python_original,cpp,raw,1,0,only_candidate,9,0.012433,"[1467.386, 551.327, 1489.351, 573.73]","[21.965, 22.403]"
multiportmmi_8x8,python_original,cpp,raw,1,0,only_candidate,10,0.007601,"[2557.547, 781.06, 2570.055, 793.891]","[12.508, 12.831]"
multiportmmi_8x8,python_original,cpp,raw,1,0,only_candidate,11,0.007483,"[4263.669, 951.71, 4279.705, 968.177]","[16.036, 16.467]"
multiportmmi_8x8,python_original,cpp,raw,1,0,only_candidate,12,0.007203,"[1966.946, 921.19, 1978.412, 932.097]","[11.466, 10.907]"
multiportmmi_8x8,python_original,cpp,raw,1,0,only_candidate,13,0.006645,"[1971.624, 919.872, 1980.216, 928.62]","[8.592, 8.748]"
multiportmmi_8x8,python_original,cpp,raw,1,0,only_candidate,14,0.004968,"[1483.405, 651.383, 1493.341, 661.748]","[9.936, 10.365]"
multiportmmi_8x8,python_original,cpp,raw,1,0,only_candidate,15,0.00485,"[2013.527, 961.641, 2021.984, 970.517]","[8.457, 8.876]"
multiportmmi_8x8,python_original,cpp,raw,1,0,only_candidate,16,0.00379,"[2022.803, 1027.913, 2024.757, 1029.587]","[1.954, 1.674]"
multiportmmi_8x8,python_original,cpp,raw,1,0,only_candidate,17,0.003725,"[1985.872, 912.28, 1987.545, 914.216]","[1.673, 1.936]"
multiportmmi_8x8,python_original,cpp,raw,1,0,only_candidate,18,0.003686,"[1962.266, 935.597, 1963.941, 937.493]","[1.675, 1.896]"
multiportmmi_8x8,python_original,cpp,raw,1,0,only_candidate,19,0.00352,"[4276.398, 801.485, 4278.423, 803.158]","[2.025, 1.673]"
multiportmmi_8x8,python_original,cpp,raw,1,0,only_candidate,20,0.003343,"[2011.85, 970.522, 2013.523, 972.194]","[1.673, 1.672]"
multiportmmi_8x8,python_original,cpp,raw,2,0,only_baseline,1,0.050817,"[4184.917, 898.325, 4189.301, 902.709]","[4.384, 4.384]"
multiportmmi_8x8,python_original,cpp,raw,2,0,only_baseline,2,0.038143,"[4257.087, 970.239, 4261.471, 974.62]","[4.384, 4.381]"
multiportmmi_8x8,python_original,cpp,raw,2,0,only_baseline,3,0.029689,"[4134.884, 848.469, 4139.265, 852.853]","[4.381, 4.384]"
multiportmmi_8x8,python_original,cpp,raw,2,0,only_candidate,1,0.050817,"[4184.775, 898.467, 4189.159, 902.851]","[4.384, 4.384]"
multiportmmi_8x8,python_original,cpp,raw,2,0,only_candidate,2,0.038143,"[4256.947, 970.383, 4261.331, 974.764]","[4.384, 4.381]"
multiportmmi_8x8,python_original,cpp,raw,2,0,only_candidate,3,0.029689,"[4134.741, 848.608, 4139.122, 852.992]","[4.381, 4.384]"
multiportmmi_8x8,python_original,cpp,raw,44,0,only_baseline,1,0.49,"[3612.35, 1046.65, 3613.05, 1047.35]","[0.7, 0.7]"
multiportmmi_8x8,python_original,cpp,raw,44,0,only_baseline,2,0.49,"[3614.35, 1046.65, 3615.05, 1047.35]","[0.7, 0.7]"
multiportmmi_8x8,python_original,cpp,raw,44,0,only_baseline,3,0.49,"[3616.35, 1046.65, 3617.05, 1047.35]","[0.7, 0.7]"
multiportmmi_8x8,python_original,cpp,raw,44,0,only_baseline,4,0.49,"[3618.35, 1046.65, 3619.05, 1047.35]","[0.7, 0.7]"
multiportmmi_8x8,python_original,cpp,raw,44,0,only_baseline,5,0.49,"[3833.15, 1046.65, 3833.85, 1047.35]","[0.7, 0.7]"
multiportmmi_8x8,python_original,cpp,raw,44,0,only_baseline,6,0.49,"[3835.15, 1046.65, 3835.85, 1047.35]","[0.7, 0.7]"
multiportmmi_8x8,python_original,cpp,raw,44,0,only_baseline,7,0.49,"[3837.15, 1046.65, 3837.85, 1047.35]","[0.7, 0.7]"
multiportmmi_8x8,python_original,cpp,raw,44,0,only_baseline,8,0.49,"[3839.15, 1046.65, 3839.85, 1047.35]","[0.7, 0.7]"
multiportmmi_8x8,python_original,cpp,raw,44,0,only_baseline,9,0.49,"[3612.35, 1048.65, 3613.05, 1049.35]","[0.7, 0.7]"
multiportmmi_8x8,python_original,cpp,raw,44,0,only_baseline,10,0.49,"[3614.35, 1048.65, 3615.05, 1049.35]","[0.7, 0.7]"
multiportmmi_8x8,python_original,cpp,raw,44,0,only_baseline,11,0.49,"[3616.35, 1048.65, 3617.05, 1049.35]","[0.7, 0.7]"
multiportmmi_8x8,python_original,cpp,raw,44,0,only_baseline,12,0.49,"[3618.35, 1048.65, 3619.05, 1049.35]","[0.7, 0.7]"
multiportmmi_8x8,python_original,cpp,raw,44,0,only_baseline,13,0.49,"[3833.15, 1048.65, 3833.85, 1049.35]","[0.7, 0.7]"
multiportmmi_8x8,python_original,cpp,raw,44,0,only_baseline,14,0.49,"[3835.15, 1048.65, 3835.85, 1049.35]","[0.7, 0.7]"
multiportmmi_8x8,python_original,cpp,raw,44,0,only_baseline,15,0.49,"[3837.15, 1048.65, 3837.85, 1049.35]","[0.7, 0.7]"
multiportmmi_8x8,python_original,cpp,raw,44,0,only_baseline,16,0.49,"[3839.15, 1048.65, 3839.85, 1049.35]","[0.7, 0.7]"
multiportmmi_8x8,python_original,cpp,raw,44,0,only_baseline,17,0.49,"[3612.35, 1050.65, 3613.05, 1051.35]","[0.7, 0.7]"
multiportmmi_8x8,python_original,cpp,raw,44,0,only_baseline,18,0.49,"[3614.35, 1050.65, 3615.05, 1051.35]","[0.7, 0.7]"
multiportmmi_8x8,python_original,cpp,raw,44,0,only_baseline,19,0.49,"[3616.35, 1050.65, 3617.05, 1051.35]","[0.7, 0.7]"
multiportmmi_8x8,python_original,cpp,raw,44,0,only_baseline,20,0.49,"[3618.35, 1050.65, 3619.05, 1051.35]","[0.7, 0.7]"
multiportmmi_8x8,python_original,cpp,raw,44,0,only_candidate,1,0.49,"[3611.35, 1045.65, 3612.05, 1046.35]","[0.7, 0.7]"
multiportmmi_8x8,python_original,cpp,raw,44,0,only_candidate,2,0.49,"[3613.35, 1045.65, 3614.05, 1046.35]","[0.7, 0.7]"
multiportmmi_8x8,python_original,cpp,raw,44,0,only_candidate,3,0.49,"[3615.35, 1045.65, 3616.05, 1046.35]","[0.7, 0.7]"
multiportmmi_8x8,python_original,cpp,raw,44,0,only_candidate,4,0.49,"[3617.35, 1045.65, 3618.05, 1046.35]","[0.7, 0.7]"
multiportmmi_8x8,python_original,cpp,raw,44,0,only_candidate,5,0.49,"[3619.35, 1045.65, 3620.05, 1046.35]","[0.7, 0.7]"
multiportmmi_8x8,python_original,cpp,raw,44,0,only_candidate,6,0.49,"[3832.15, 1045.65, 3832.85, 1046.35]","[0.7, 0.7]"
multiportmmi_8x8,python_original,cpp,raw,44,0,only_candidate,7,0.49,"[3834.15, 1045.65, 3834.85, 1046.35]","[0.7, 0.7]"
multiportmmi_8x8,python_original,cpp,raw,44,0,only_candidate,8,0.49,"[3836.15, 1045.65, 3836.85, 1046.35]","[0.7, 0.7]"
multiportmmi_8x8,python_original,cpp,raw,44,0,only_candidate,9,0.49,"[3838.15, 1045.65, 3838.85, 1046.35]","[0.7, 0.7]"
multiportmmi_8x8,python_original,cpp,raw,44,0,only_candidate,10,0.49,"[3840.15, 1045.65, 3840.85, 1046.35]","[0.7, 0.7]"
multiportmmi_8x8,python_original,cpp,raw,44,0,only_candidate,11,0.49,"[3611.35, 1047.65, 3612.05, 1048.35]","[0.7, 0.7]"
multiportmmi_8x8,python_original,cpp,raw,44,0,only_candidate,12,0.49,"[3613.35, 1047.65, 3614.05, 1048.35]","[0.7, 0.7]"
multiportmmi_8x8,python_original,cpp,raw,44,0,only_candidate,13,0.49,"[3615.35, 1047.65, 3616.05, 1048.35]","[0.7, 0.7]"
multiportmmi_8x8,python_original,cpp,raw,44,0,only_candidate,14,0.49,"[3617.35, 1047.65, 3618.05, 1048.35]","[0.7, 0.7]"
multiportmmi_8x8,python_original,cpp,raw,44,0,only_candidate,15,0.49,"[3619.35, 1047.65, 3620.05, 1048.35]","[0.7, 0.7]"
multiportmmi_8x8,python_original,cpp,raw,44,0,only_candidate,16,0.49,"[3832.15, 1047.65, 3832.85, 1048.35]","[0.7, 0.7]"
multiportmmi_8x8,python_original,cpp,raw,44,0,only_candidate,17,0.49,"[3834.15, 1047.65, 3834.85, 1048.35]","[0.7, 0.7]"
multiportmmi_8x8,python_original,cpp,raw,44,0,only_candidate,18,0.49,"[3836.15, 1047.65, 3836.85, 1048.35]","[0.7, 0.7]"
multiportmmi_8x8,python_original,cpp,raw,44,0,only_candidate,19,0.49,"[3838.15, 1047.65, 3838.85, 1048.35]","[0.7, 0.7]"
multiportmmi_8x8,python_original,cpp,raw,44,0,only_candidate,20,0.49,"[3840.15, 1047.65, 3840.85, 1048.35]","[0.7, 0.7]"
multiportmmi_16x16,standard,cpp,raw,1,0,only_baseline,1,2.082337,"[2140.743, 1708.243, 2281.817, 1848.472]","[141.074, 140.229]"
multiportmmi_16x16,standard,cpp,raw,1,0,only_baseline,2,1.389661,"[4006.585, 1484.649, 4086.621, 1564.383]","[80.036, 79.734]"
multiportmmi_16x16,standard,cpp,raw,1,0,only_baseline,3,0.938581,"[2187.314, 1655.286, 2282.698, 1749.804]","[95.384, 94.518]"
multiportmmi_16x16,standard,cpp,raw,1,0,only_baseline,4,0.693702,"[2187.335, 1555.291, 2232.151, 1602.964]","[44.816, 47.673]"
multiportmmi_16x16,standard,cpp,raw,1,0,only_baseline,5,0.596141,"[2120.286, 1488.63, 2187.341, 1555.297]","[67.055, 66.667]"
multiportmmi_16x16,standard,cpp,raw,1,0,only_baseline,6,0.593631,"[2137.339, 1605.604, 2182.15, 1655.168]","[44.811, 49.564]"
multiportmmi_16x16,standard,cpp,raw,1,0,only_baseline,7,0.447115,"[5379.637, 1902.558, 5468.144, 1993.353]","[88.507, 90.795]"
multiportmmi_16x16,standard,cpp,raw,1,0,only_baseline,8,0.308742,"[2237.317, 1604.982, 2278.618, 1646.001]","[41.301, 41.019]"
multiportmmi_16x16,standard,cpp,raw,1,0,only_baseline,9,0.229022,"[4091.788, 1566.402, 4118.124, 1595.787]","[26.336, 29.385]"
multiportmmi_16x16,standard,cpp,raw,1,0,only_baseline,10,0.218169,"[2128.675, 1693.253, 2140.755, 1708.255]","[12.08, 15.002]"
multiportmmi_16x16,standard,cpp,raw,1,0,only_baseline,11,0.119838,"[3997.333, 1472.303, 4006.593, 1484.657]","[9.26, 12.354]"
multiportmmi_16x16,standard,cpp,raw,1,0,only_baseline,12,0.087697,"[3992.161, 1384.879, 4085.878, 1474.105]","[93.717, 89.226]"
multiportmmi_16x16,standard,cpp,raw,1,0,only_baseline,13,0.087551,"[5470.254, 1996.142, 5498.522, 2027.28]","[28.268, 31.138]"
multiportmmi_16x16,standard,cpp,raw,1,0,only_baseline,14,0.08664,"[2118.982, 1687.044, 2128.683, 1696.235]","[9.701, 9.191]"
multiportmmi_16x16,standard,cpp,raw,1,0,only_baseline,15,0.08579,"[3041.586, 1262.919, 3127.714, 1348.372]","[86.128, 85.453]"
multiportmmi_16x16,standard,cpp,raw,1,0,only_baseline,16,0.076681,"[2180.348, 1651.458, 2187.322, 1655.294]","[6.974, 3.836]"
multiportmmi_16x16,standard,cpp,raw,1,0,only_baseline,17,0.0616,"[4086.616, 1564.378, 4093.598, 1568.212]","[6.982, 3.834]"
multiportmmi_16x16,standard,cpp,raw,1,0,only_baseline,18,0.060529,"[2230.341, 1601.154, 2237.323, 1604.989]","[6.982, 3.835]"
multiportmmi_16x16,standard,cpp,raw,1,0,only_baseline,19,0.058911,"[5503.693, 2029.096, 5523.574, 2048.942]","[19.881, 19.846]"
multiportmmi_16x16,standard,cpp,raw,1,0,only_baseline,20,0.057744,"[2952.716, 1051.295, 3065.357, 1163.867]","[112.641, 112.572]"
multiportmmi_16x16,standard,cpp,raw,1,0,only_candidate,1,1.827524,"[2140.756, 1713.769, 2281.361, 1848.724]","[140.605, 134.955]"
multiportmmi_16x16,standard,cpp,raw,1,0,only_candidate,2,1.240929,"[4004.666, 1490.174, 4079.845, 1561.476]","[75.179, 71.302]"
multiportmmi_16x16,standard,cpp,raw,1,0,only_candidate,3,0.92177,"[2185.996, 1653.261, 2281.921, 1748.574]","[95.925, 95.313]"
multiportmmi_16x16,standard,cpp,raw,1,0,only_candidate,4,0.758865,"[2183.861, 1545.945, 2235.644, 1599.463]","[51.783, 53.518]"
multiportmmi_16x16,standard,cpp,raw,1,0,only_candidate,5,0.557338,"[2133.864, 1598.275, 2178.675, 1645.941]","[44.811, 47.666]"
multiportmmi_16x16,standard,cpp,raw,1,0,only_candidate,6,0.49868,"[2124.043, 1491.656, 2185.663, 1549.772]","[61.62, 58.116]"
multiportmmi_16x16,standard,cpp,raw,1,0,only_candidate,7,0.367752,"[2233.842, 1597.653, 2281.714, 1648.37]","[47.872, 50.717]"
multiportmmi_16x16,standard,cpp,raw,1,0,only_candidate,8,0.314796,"[5383.112, 1909.887, 5435.72, 1965.082]","[52.608, 55.195]"
multiportmmi_16x16,standard,cpp,raw,1,0,only_candidate,9,0.225407,"[4088.295, 1569.903, 4117.946, 1596.339]","[29.651, 26.436]"
multiportmmi_16x16,standard,cpp,raw,1,0,only_candidate,10,0.19997,"[3993.838, 1475.798, 4010.068, 1491.986]","[16.23, 16.188]"
multiportmmi_16x16,standard,cpp,raw,1,0,only_candidate,11,0.187988,"[2137.323, 1705.582, 2144.231, 1717.244]","[6.908, 11.662]"
multiportmmi_16x16,standard,cpp,raw,1,0,only_candidate,12,0.154075,"[2118.931, 1687.568, 2132.158, 1703.564]","[13.227, 15.996]"
multiportmmi_16x16,standard,cpp,raw,1,0,only_candidate,13,0.12492,"[6583.416, 1699.23, 6833.713, 1948.364]","[250.297, 249.134]"
multiportmmi_16x16,standard,cpp,raw,1,0,only_candidate,14,0.108013,"[4083.339, 1561.831, 4090.097, 1571.713]","[6.758, 9.882]"
multiportmmi_16x16,standard,cpp,raw,1,0,only_candidate,15,0.094702,"[5500.217, 2024.629, 5524.234, 2048.872]","[24.017, 24.243]"
multiportmmi_16x16,standard,cpp,raw,1,0,only_candidate,16,0.087591,"[5440.891, 1967.108, 5470.254, 1996.142]","[29.363, 29.034]"
multiportmmi_16x16,standard,cpp,raw,1,0,only_candidate,17,0.080251,"[5468.144, 1993.353, 5495.047, 2019.954]","[26.903, 26.601]"
multiportmmi_16x16,standard,cpp,raw,1,0,only_candidate,18,0.075344,"[2178.667, 1645.932, 2185.641, 1649.769]","[6.974, 3.837]"
multiportmmi_16x16,standard,cpp,raw,1,0,only_candidate,19,0.074224,"[2130.347, 1701.753, 2137.33, 1705.589]","[6.983, 3.836]"
multiportmmi_16x16,standard,cpp,raw,1,0,only_candidate,20,0.0619,"[5433.323, 2028.952, 5495.046, 2090.677]","[61.723, 61.725]"
multiportmmi_16x16,standard,cpp,raw,2,0,only_baseline,1,0.118728,"[2142.953, 1710.66, 2147.34, 1715.047]","[4.387, 4.387]"
multiportmmi_16x16,standard,cpp,raw,2,0,only_baseline,2,0.084858,"[4008.792, 1487.065, 4013.177, 1491.45]","[4.385, 4.385]"
multiportmmi_16x16,standard,cpp,raw,2,0,only_baseline,3,0.076308,"[2180.73, 1648.493, 2185.115, 1652.878]","[4.385, 4.385]"
multiportmmi_16x16,standard,cpp,raw,2,0,only_baseline,4,0.076308,"[2130.882, 1698.644, 2135.267, 1703.029]","[4.385, 4.385]"
multiportmmi_16x16,standard,cpp,raw,2,0,only_baseline,5,0.067923,"[2180.752, 1548.497, 2185.136, 1552.881]","[4.384, 4.384]"
multiportmmi_16x16,standard,cpp,raw,2,0,only_baseline,6,0.067923,"[4078.57, 1556.565, 4082.954, 1560.949]","[4.384, 4.384]"
multiportmmi_16x16,standard,cpp,raw,2,0,only_baseline,7,0.059371,"[4088.822, 1566.794, 4093.206, 1571.178]","[4.384, 4.384]"
multiportmmi_16x16,standard,cpp,raw,2,0,only_baseline,8,0.059371,"[2230.733, 1598.188, 2235.117, 1602.572]","[4.384, 4.384]"
multiportmmi_16x16,standard,cpp,raw,2,0,only_baseline,9,0.042434,"[3994.366, 1472.689, 3998.749, 1477.072]","[4.383, 4.383]"
multiportmmi_16x16,standard,cpp,raw,2,0,only_baseline,10,0.025365,"[2130.755, 1598.809, 2135.136, 1603.19]","[4.381, 4.381]"
multiportmmi_16x16,standard,cpp,raw,2,0,only_baseline,11,0.025365,"[5376.67, 1902.949, 5381.051, 1907.33]","[4.381, 4.381]"
multiportmmi_16x16,standard,cpp,raw,2,0,only_baseline,12,0.025365,"[5434.448, 1960.171, 5438.829, 1964.552]","[4.381, 4.381]"
multiportmmi_16x16,standard,cpp,raw,2,0,only_baseline,13,0.025365,"[5497.108, 2022.511, 5501.489, 2026.892]","[4.381, 4.381]"
multiportmmi_16x16,standard,cpp,raw,2,0,only_candidate,1,0.118728,"[2142.806, 1710.807, 2147.193, 1715.194]","[4.387, 4.387]"
multiportmmi_16x16,standard,cpp,raw,2,0,only_candidate,2,0.084858,"[4008.647, 1487.21, 4013.032, 1491.595]","[4.385, 4.385]"
multiportmmi_16x16,standard,cpp,raw,2,0,only_candidate,3,0.076308,"[2180.874, 1648.349, 2185.259, 1652.734]","[4.385, 4.385]"
multiportmmi_16x16,standard,cpp,raw,2,0,only_candidate,4,0.076308,"[2130.738, 1698.788, 2135.123, 1703.173]","[4.385, 4.385]"
multiportmmi_16x16,standard,cpp,raw,2,0,only_candidate,5,0.067923,"[2180.896, 1548.353, 2185.28, 1552.737]","[4.384, 4.384]"
multiportmmi_16x16,standard,cpp,raw,2,0,only_candidate,6,0.067923,"[4078.426, 1556.709, 4082.81, 1561.093]","[4.384, 4.384]"
multiportmmi_16x16,standard,cpp,raw,2,0,only_candidate,7,0.059371,"[4088.679, 1566.937, 4093.063, 1571.321]","[4.384, 4.384]"
multiportmmi_16x16,standard,cpp,raw,2,0,only_candidate,8,0.059371,"[2230.876, 1598.045, 2235.26, 1602.429]","[4.384, 4.384]"
multiportmmi_16x16,standard,cpp,raw,2,0,only_candidate,9,0.042434,"[3994.224, 1472.831, 3998.607, 1477.214]","[4.383, 4.383]"
multiportmmi_16x16,standard,cpp,raw,2,0,only_candidate,10,0.025365,"[2130.897, 1598.667, 2135.278, 1603.048]","[4.381, 4.381]"
multiportmmi_16x16,standard,cpp,raw,2,0,only_candidate,11,0.025365,"[5376.528, 1903.091, 5380.909, 1907.472]","[4.381, 4.381]"
multiportmmi_16x16,standard,cpp,raw,2,0,only_candidate,12,0.025365,"[5434.306, 1960.313, 5438.687, 1964.694]","[4.381, 4.381]"
multiportmmi_16x16,standard,cpp,raw,2,0,only_candidate,13,0.025365,"[5497.25, 2022.369, 5501.631, 2026.75]","[4.381, 4.381]"
multiportmmi_16x16,standard,python_original,raw,1,0,only_baseline,1,1.108533,"[4011.762, 1486.674, 4085.002, 1557.988]","[73.24, 71.314]"
multiportmmi_16x16,standard,python_original,raw,1,0,only_baseline,2,0.361752,"[5448.07, 1974.204, 5498.526, 2027.283]","[50.456, 53.079]"
multiportmmi_16x16,standard,python_original,raw,1,0,only_baseline,3,0.328527,"[4091.785, 1566.407, 4118.427, 1596.138]","[26.642, 29.731]"
multiportmmi_16x16,standard,python_original,raw,1,0,only_baseline,4,0.138176,"[5503.693, 2029.303, 5524.698, 2049.807]","[21.005, 20.504]"
multiportmmi_16x16,standard,python_original,raw,1,0,only_baseline,5,0.135841,"[5374.466, 1900.533, 5432.245, 1957.753]","[57.779, 57.22]"
multiportmmi_16x16,standard,python_original,raw,1,0,only_baseline,6,0.120215,"[4081.532, 1556.179, 4086.621, 1564.565]","[5.089, 8.386]"
multiportmmi_16x16,standard,python_original,raw,1,0,only_baseline,7,0.085624,"[4086.613, 1564.378, 4093.598, 1568.215]","[6.985, 3.837]"
multiportmmi_16x16,standard,python_original,raw,1,0,only_baseline,8,0.062248,"[3992.164, 1384.879, 4085.878, 1474.102]","[93.714, 89.223]"
multiportmmi_16x16,standard,python_original,raw,1,0,only_baseline,9,0.060645,"[5496.717, 2025.474, 5503.91, 2029.308]","[7.193, 3.834]"
multiportmmi_16x16,standard,python_original,raw,1,0,only_baseline,10,0.045185,"[3997.336, 1474.949, 4006.593, 1484.651]","[9.257, 9.702]"
multiportmmi_16x16,standard,python_original,raw,1,0,only_baseline,11,0.034584,"[4006.59, 1484.649, 4013.569, 1488.48]","[6.979, 3.831]"
multiportmmi_16x16,standard,python_original,raw,1,0,only_baseline,12,0.005993,"[3989.144, 1467.614, 3992.165, 1470.449]","[3.021, 2.835]"
multiportmmi_16x16,standard,python_original,raw,1,0,only_baseline,13,0.005879,"[5371.302, 1897.686, 5374.465, 1900.532]","[3.163, 2.846]"
multiportmmi_16x16,standard,python_original,raw,1,0,only_baseline,14,0.002496,"[4086.623, 1572.065, 4088.289, 1573.731]","[1.666, 1.666]"
multiportmmi_16x16,standard,python_original,raw,1,0,only_baseline,15,0.002244,"[5383.467, 1898.641, 5385.712, 1900.886]","[2.245, 2.245]"
multiportmmi_16x16,standard,python_original,raw,1,0,only_baseline,16,0.002234,"[4075.994, 1563.161, 4076.187, 1563.34]","[0.193, 0.179]"
multiportmmi_16x16,standard,python_original,raw,1,0,only_baseline,17,0.002208,"[4085.175, 1554.33, 4085.371, 1554.514]","[0.196, 0.184]"
multiportmmi_16x16,standard,python_original,raw,1,0,only_baseline,18,0.001833,"[4004.3, 1493.654, 4006.427, 1495.734]","[2.127, 2.08]"
multiportmmi_16x16,standard,python_original,raw,1,0,only_baseline,19,0.001665,"[5502.38, 2020.308, 5504.046, 2021.974]","[1.666, 1.666]"
multiportmmi_16x16,standard,python_original,raw,1,0,only_baseline,20,0.000912,"[5372.641, 1909.886, 5374.468, 1911.712]","[1.827, 1.826]"
multiportmmi_16x16,standard,python_original,raw,1,0,only_candidate,1,1.004654,"[4015.237, 1494.002, 4079.845, 1561.483]","[64.608, 67.481]"
multiportmmi_16x16,standard,python_original,raw,1,0,only_candidate,2,0.434374,"[5441.245, 1966.753, 5502.027, 2023.783]","[60.782, 57.03]"
multiportmmi_16x16,standard,python_original,raw,1,0,only_candidate,3,0.232224,"[4095.26, 1573.387, 4118.28, 1596.8]","[23.02, 23.413]"
multiportmmi_16x16,standard,python_original,raw,1,0,only_candidate,4,0.21922,"[4076.376, 1559.674, 4090.097, 1571.716]","[13.721, 12.042]"
multiportmmi_16x16,standard,python_original,raw,1,0,only_candidate,5,0.207862,"[5500.217, 2021.974, 5524.558, 2049.132]","[24.341, 27.158]"
multiportmmi_16x16,standard,python_original,raw,1,0,only_candidate,6,0.097277,"[5383.114, 1909.887, 5433.564, 1959.779]","[50.45, 49.892]"
multiportmmi_16x16,standard,python_original,raw,1,0,only_candidate,7,0.08546,"[4088.289, 1569.903, 4095.269, 1573.74]","[6.98, 3.837]"
multiportmmi_16x16,standard,python_original,raw,1,0,only_candidate,8,0.063471,"[4000.811, 1479.392, 4010.068, 1491.98]","[9.257, 12.588]"
multiportmmi_16x16,standard,python_original,raw,1,0,only_candidate,9,0.061902,"[5433.323, 2028.948, 5495.046, 2090.677]","[61.723, 61.729]"
multiportmmi_16x16,standard,python_original,raw,1,0,only_candidate,10,0.038824,"[4006.59, 1490.174, 4015.59, 1494.006]","[9.0, 3.832]"
multiportmmi_16x16,standard,python_original,raw,1,0,only_candidate,11,0.025659,"[3989.068, 1468.135, 3995.64, 1479.626]","[6.572, 11.491]"
multiportmmi_16x16,standard,python_original,raw,1,0,only_candidate,12,0.02526,"[5371.07, 1898.129, 5377.942, 1907.86]","[6.872, 9.731]"
multiportmmi_16x16,standard,python_original,raw,1,0,only_candidate,13,0.021054,"[5374.112, 1906.058, 5383.114, 1909.888]","[9.002, 3.83]"
multiportmmi_16x16,standard,python_original,raw,1,0,only_candidate,14,0.016797,"[3993.838, 1475.798, 4000.812, 1479.628]","[6.974, 3.83]"
multiportmmi_16x16,standard,python_original,raw,1,0,only_candidate,15,0.007137,"[5440.893, 1966.842, 5448.07, 1974.204]","[7.177, 7.362]"
multiportmmi_16x16,standard,python_original,raw,1,0,only_candidate,16,0.006031,"[5440.892, 1946.398, 5452.248, 1958.108]","[11.356, 11.71]"
multiportmmi_16x16,standard,python_original,raw,1,0,only_candidate,17,0.002388,"[4076.006, 1563.148, 4076.202, 1563.332]","[0.196, 0.184]"
multiportmmi_16x16,standard,python_original,raw,1,0,only_candidate,18,0.002376,"[4015.233, 1451.356, 4047.345, 1484.655]","[32.112, 33.299]"
multiportmmi_16x16,standard,python_original,raw,1,0,only_candidate,19,0.002081,"[4085.19, 1554.321, 4085.382, 1554.502]","[0.192, 0.181]"
multiportmmi_16x16,standard,python_original,raw,1,0,only_candidate,20,0.001671,"[3999.492, 1470.626, 4001.165, 1472.3]","[1.673, 1.674]"
multiportmmi_16x16,standard,python_original,raw,2,0,only_baseline,1,0.09752,"[4078.567, 1556.565, 4082.954, 1560.95]","[4.387, 4.385]"
multiportmmi_16x16,standard,python_original,raw,2,0,only_baseline,2,0.084858,"[4088.821, 1566.794, 4093.206, 1571.179]","[4.385, 4.385]"
multiportmmi_16x16,standard,python_original,raw,2,0,only_baseline,3,0.059371,"[5497.108, 2022.508, 5501.492, 2026.892]","[4.384, 4.384]"
multiportmmi_16x16,standard,python_original,raw,2,0,only_baseline,4,0.033878,"[4008.794, 1487.065, 4013.177, 1491.448]","[4.383, 4.383]"
multiportmmi_16x16,standard,python_original,raw,2,0,only_baseline,5,0.01691,"[3994.368, 1472.689, 3998.749, 1477.07]","[4.381, 4.381]"
multiportmmi_16x16,standard,python_original,raw,2,0,only_baseline,6,0.01691,"[5376.67, 1902.949, 5381.051, 1907.33]","[4.381, 4.381]"
multiportmmi_16x16,standard,python_original,raw,2,0,only_candidate,1,0.09752,"[4078.423, 1556.712, 4082.81, 1561.097]","[4.387, 4.385]"
multiportmmi_16x16,standard,python_original,raw,2,0,only_candidate,2,0.084858,"[4088.676, 1566.939, 4093.061, 1571.324]","[4.385, 4.385]"
multiportmmi_16x16,standard,python_original,raw,2,0,only_candidate,3,0.059371,"[5497.251, 2022.365, 5501.635, 2026.749]","[4.384, 4.384]"
multiportmmi_16x16,standard,python_original,raw,2,0,only_candidate,4,0.033878,"[4008.653, 1487.206, 4013.036, 1491.589]","[4.383, 4.383]"
multiportmmi_16x16,standard,python_original,raw,2,0,only_candidate,5,0.01691,"[3994.227, 1472.83, 3998.608, 1477.211]","[4.381, 4.381]"
multiportmmi_16x16,standard,python_original,raw,2,0,only_candidate,6,0.01691,"[5376.529, 1903.09, 5380.91, 1907.471]","[4.381, 4.381]"
multiportmmi_16x16,standard,python_original,raw,44,0,only_baseline,1,0.49,"[5572.85, 2245.65, 5573.55, 2246.35]","[0.7, 0.7]"
multiportmmi_16x16,standard,python_original,raw,44,0,only_baseline,2,0.49,"[5574.85, 2245.65, 5575.55, 2246.35]","[0.7, 0.7]"
multiportmmi_16x16,standard,python_original,raw,44,0,only_baseline,3,0.49,"[5576.85, 2245.65, 5577.55, 2246.35]","[0.7, 0.7]"
multiportmmi_16x16,standard,python_original,raw,44,0,only_baseline,4,0.49,"[5578.85, 2245.65, 5579.55, 2246.35]","[0.7, 0.7]"
multiportmmi_16x16,standard,python_original,raw,44,0,only_baseline,5,0.49,"[5580.85, 2245.65, 5581.55, 2246.35]","[0.7, 0.7]"
multiportmmi_16x16,standard,python_original,raw,44,0,only_baseline,6,0.49,"[5793.65, 2245.65, 5794.35, 2246.35]","[0.7, 0.7]"
multiportmmi_16x16,standard,python_original,raw,44,0,only_baseline,7,0.49,"[5795.65, 2245.65, 5796.35, 2246.35]","[0.7, 0.7]"
multiportmmi_16x16,standard,python_original,raw,44,0,only_baseline,8,0.49,"[5797.65, 2245.65, 5798.35, 2246.35]","[0.7, 0.7]"
multiportmmi_16x16,standard,python_original,raw,44,0,only_baseline,9,0.49,"[5799.65, 2245.65, 5800.35, 2246.35]","[0.7, 0.7]"
multiportmmi_16x16,standard,python_original,raw,44,0,only_baseline,10,0.49,"[5801.65, 2245.65, 5802.35, 2246.35]","[0.7, 0.7]"
multiportmmi_16x16,standard,python_original,raw,44,0,only_baseline,11,0.49,"[5572.85, 2247.65, 5573.55, 2248.35]","[0.7, 0.7]"
multiportmmi_16x16,standard,python_original,raw,44,0,only_baseline,12,0.49,"[5574.85, 2247.65, 5575.55, 2248.35]","[0.7, 0.7]"
multiportmmi_16x16,standard,python_original,raw,44,0,only_baseline,13,0.49,"[5576.85, 2247.65, 5577.55, 2248.35]","[0.7, 0.7]"
multiportmmi_16x16,standard,python_original,raw,44,0,only_baseline,14,0.49,"[5578.85, 2247.65, 5579.55, 2248.35]","[0.7, 0.7]"
multiportmmi_16x16,standard,python_original,raw,44,0,only_baseline,15,0.49,"[5580.85, 2247.65, 5581.55, 2248.35]","[0.7, 0.7]"
multiportmmi_16x16,standard,python_original,raw,44,0,only_baseline,16,0.49,"[5793.65, 2247.65, 5794.35, 2248.35]","[0.7, 0.7]"
multiportmmi_16x16,standard,python_original,raw,44,0,only_baseline,17,0.49,"[5795.65, 2247.65, 5796.35, 2248.35]","[0.7, 0.7]"
multiportmmi_16x16,standard,python_original,raw,44,0,only_baseline,18,0.49,"[5797.65, 2247.65, 5798.35, 2248.35]","[0.7, 0.7]"
multiportmmi_16x16,standard,python_original,raw,44,0,only_baseline,19,0.49,"[5799.65, 2247.65, 5800.35, 2248.35]","[0.7, 0.7]"
multiportmmi_16x16,standard,python_original,raw,44,0,only_baseline,20,0.49,"[5801.65, 2247.65, 5802.35, 2248.35]","[0.7, 0.7]"
multiportmmi_16x16,standard,python_original,raw,44,0,only_candidate,1,0.49,"[5573.85, 2246.65, 5574.55, 2247.35]","[0.7, 0.7]"
multiportmmi_16x16,standard,python_original,raw,44,0,only_candidate,2,0.49,"[5575.85, 2246.65, 5576.55, 2247.35]","[0.7, 0.7]"
multiportmmi_16x16,standard,python_original,raw,44,0,only_candidate,3,0.49,"[5577.85, 2246.65, 5578.55, 2247.35]","[0.7, 0.7]"
multiportmmi_16x16,standard,python_original,raw,44,0,only_candidate,4,0.49,"[5579.85, 2246.65, 5580.55, 2247.35]","[0.7, 0.7]"
multiportmmi_16x16,standard,python_original,raw,44,0,only_candidate,5,0.49,"[5794.65, 2246.65, 5795.35, 2247.35]","[0.7, 0.7]"
multiportmmi_16x16,standard,python_original,raw,44,0,only_candidate,6,0.49,"[5796.65, 2246.65, 5797.35, 2247.35]","[0.7, 0.7]"
multiportmmi_16x16,standard,python_original,raw,44,0,only_candidate,7,0.49,"[5798.65, 2246.65, 5799.35, 2247.35]","[0.7, 0.7]"
multiportmmi_16x16,standard,python_original,raw,44,0,only_candidate,8,0.49,"[5800.65, 2246.65, 5801.35, 2247.35]","[0.7, 0.7]"
multiportmmi_16x16,standard,python_original,raw,44,0,only_candidate,9,0.49,"[5573.85, 2248.65, 5574.55, 2249.35]","[0.7, 0.7]"
multiportmmi_16x16,standard,python_original,raw,44,0,only_candidate,10,0.49,"[5575.85, 2248.65, 5576.55, 2249.35]","[0.7, 0.7]"
multiportmmi_16x16,standard,python_original,raw,44,0,only_candidate,11,0.49,"[5577.85, 2248.65, 5578.55, 2249.35]","[0.7, 0.7]"
multiportmmi_16x16,standard,python_original,raw,44,0,only_candidate,12,0.49,"[5579.85, 2248.65, 5580.55, 2249.35]","[0.7, 0.7]"
multiportmmi_16x16,standard,python_original,raw,44,0,only_candidate,13,0.49,"[5794.65, 2248.65, 5795.35, 2249.35]","[0.7, 0.7]"
multiportmmi_16x16,standard,python_original,raw,44,0,only_candidate,14,0.49,"[5796.65, 2248.65, 5797.35, 2249.35]","[0.7, 0.7]"
multiportmmi_16x16,standard,python_original,raw,44,0,only_candidate,15,0.49,"[5798.65, 2248.65, 5799.35, 2249.35]","[0.7, 0.7]"
multiportmmi_16x16,standard,python_original,raw,44,0,only_candidate,16,0.49,"[5800.65, 2248.65, 5801.35, 2249.35]","[0.7, 0.7]"
multiportmmi_16x16,standard,python_original,raw,44,0,only_candidate,17,0.49,"[5573.85, 2250.65, 5574.55, 2251.35]","[0.7, 0.7]"
multiportmmi_16x16,standard,python_original,raw,44,0,only_candidate,18,0.49,"[5575.85, 2250.65, 5576.55, 2251.35]","[0.7, 0.7]"
multiportmmi_16x16,standard,python_original,raw,44,0,only_candidate,19,0.49,"[5577.85, 2250.65, 5578.55, 2251.35]","[0.7, 0.7]"
multiportmmi_16x16,standard,python_original,raw,44,0,only_candidate,20,0.49,"[5579.85, 2250.65, 5580.55, 2251.35]","[0.7, 0.7]"
multiportmmi_16x16,python_original,cpp,raw,1,0,only_baseline,1,2.082337,"[2140.743, 1708.243, 2281.817, 1848.472]","[141.074, 140.229]"
multiportmmi_16x16,python_original,cpp,raw,1,0,only_baseline,2,0.938581,"[2187.314, 1655.286, 2282.698, 1749.804]","[95.384, 94.518]"
multiportmmi_16x16,python_original,cpp,raw,1,0,only_baseline,3,0.693702,"[2187.335, 1555.291, 2232.151, 1602.964]","[44.816, 47.673]"
multiportmmi_16x16,python_original,cpp,raw,1,0,only_baseline,4,0.596141,"[2120.286, 1488.63, 2187.341, 1555.297]","[67.055, 66.667]"
multiportmmi_16x16,python_original,cpp,raw,1,0,only_baseline,5,0.593631,"[2137.339, 1605.604, 2182.15, 1655.168]","[44.811, 49.564]"
multiportmmi_16x16,python_original,cpp,raw,1,0,only_baseline,6,0.42484,"[5432.243, 1957.754, 5495.051, 2020.164]","[62.808, 62.41]"
multiportmmi_16x16,python_original,cpp,raw,1,0,only_baseline,7,0.308742,"[2237.317, 1604.982, 2278.618, 1646.001]","[41.301, 41.019]"
multiportmmi_16x16,python_original,cpp,raw,1,0,only_baseline,8,0.283642,"[4006.585, 1484.653, 4051.332, 1529.24]","[44.747, 44.587]"
multiportmmi_16x16,python_original,cpp,raw,1,0,only_baseline,9,0.218169,"[2128.675, 1693.253, 2140.755, 1708.255]","[12.08, 15.002]"
multiportmmi_16x16,python_original,cpp,raw,1,0,only_baseline,10,0.199647,"[5379.637, 1902.56, 5432.245, 1957.756]","[52.608, 55.196]"
multiportmmi_16x16,python_original,cpp,raw,1,0,only_baseline,11,0.146992,"[5495.049, 2019.949, 5523.715, 2048.379]","[28.666, 28.43]"
multiportmmi_16x16,python_original,cpp,raw,1,0,only_baseline,12,0.089749,"[4055.75, 1534.345, 4079.837, 1558.837]","[24.087, 24.492]"
multiportmmi_16x16,python_original,cpp,raw,1,0,only_baseline,13,0.08664,"[2118.982, 1687.044, 2128.683, 1696.235]","[9.701, 9.191]"
multiportmmi_16x16,python_original,cpp,raw,1,0,only_baseline,14,0.08579,"[3041.586, 1262.919, 3127.714, 1348.372]","[86.128, 85.453]"
multiportmmi_16x16,python_original,cpp,raw,1,0,only_baseline,15,0.076681,"[2180.348, 1651.458, 2187.322, 1655.294]","[6.974, 3.836]"
multiportmmi_16x16,python_original,cpp,raw,1,0,only_baseline,16,0.0749,"[3997.333, 1472.3, 4006.589, 1484.657]","[9.256, 12.357]"
multiportmmi_16x16,python_original,cpp,raw,1,0,only_baseline,17,0.06609,"[4095.26, 1573.738, 4117.35, 1595.711]","[22.09, 21.973]"
multiportmmi_16x16,python_original,cpp,raw,1,0,only_baseline,18,0.060529,"[2230.341, 1601.154, 2237.323, 1604.989]","[6.982, 3.835]"
multiportmmi_16x16,python_original,cpp,raw,1,0,only_baseline,19,0.057744,"[2952.716, 1051.295, 3065.357, 1163.867]","[112.641, 112.572]"
multiportmmi_16x16,python_original,cpp,raw,1,0,only_baseline,20,0.055784,"[2119.766, 1588.131, 2132.169, 1600.93]","[12.403, 12.799]"
multiportmmi_16x16,python_original,cpp,raw,1,0,only_candidate,1,1.827524,"[2140.756, 1713.769, 2281.361, 1848.724]","[140.605, 134.955]"
multiportmmi_16x16,python_original,cpp,raw,1,0,only_candidate,2,0.92177,"[2185.996, 1653.261, 2281.921, 1748.574]","[95.925, 95.313]"
multiportmmi_16x16,python_original,cpp,raw,1,0,only_candidate,3,0.758865,"[2183.861, 1545.945, 2235.644, 1599.463]","[51.783, 53.518]"
multiportmmi_16x16,python_original,cpp,raw,1,0,only_candidate,4,0.557338,"[2133.864, 1598.275, 2178.675, 1645.941]","[44.811, 47.666]"
multiportmmi_16x16,python_original,cpp,raw,1,0,only_candidate,5,0.49868,"[2124.043, 1491.656, 2185.663, 1549.772]","[61.62, 58.116]"
multiportmmi_16x16,python_original,cpp,raw,1,0,only_candidate,6,0.367752,"[2233.842, 1597.653, 2281.714, 1648.37]","[47.872, 50.717]"
multiportmmi_16x16,python_original,cpp,raw,1,0,only_candidate,7,0.35391,"[5440.891, 1967.109, 5498.526, 2027.28]","[57.635, 60.171]"
multiportmmi_16x16,python_original,cpp,raw,1,0,only_candidate,8,0.290539,"[4008.256, 1490.178, 4055.75, 1534.345]","[47.494, 44.167]"
multiportmmi_16x16,python_original,cpp,raw,1,0,only_candidate,9,0.228045,"[5372.641, 1906.06, 5435.72, 1965.085]","[63.079, 59.025]"
multiportmmi_16x16,python_original,cpp,raw,1,0,only_candidate,10,0.187988,"[2137.323, 1705.582, 2144.231, 1717.244]","[6.908, 11.662]"
multiportmmi_16x16,python_original,cpp,raw,1,0,only_candidate,11,0.154075,"[2118.931, 1687.568, 2132.158, 1703.564]","[13.227, 15.996]"
multiportmmi_16x16,python_original,cpp,raw,1,0,only_candidate,12,0.125154,"[4051.332, 1529.24, 4087.319, 1557.988]","[35.987, 28.748]"
multiportmmi_16x16,python_original,cpp,raw,1,0,only_candidate,13,0.12492,"[6583.416, 1699.23, 6833.713, 1948.364]","[250.297, 249.134]"
multiportmmi_16x16,python_original,cpp,raw,1,0,only_candidate,14,0.118847,"[3996.484, 1475.8, 4010.064, 1491.986]","[13.58, 16.186]"
multiportmmi_16x16,python_original,cpp,raw,1,0,only_candidate,15,0.085833,"[4093.942, 1571.714, 4117.808, 1595.462]","[23.866, 23.748]"
multiportmmi_16x16,python_original,cpp,raw,1,0,only_candidate,16,0.078362,"[5503.696, 2029.303, 5523.468, 2048.838]","[19.772, 19.535]"
multiportmmi_16x16,python_original,cpp,raw,1,0,only_candidate,17,0.075344,"[2178.667, 1645.932, 2185.641, 1649.769]","[6.974, 3.837]"
multiportmmi_16x16,python_original,cpp,raw,1,0,only_candidate,18,0.074224,"[2130.347, 1701.753, 2137.33, 1705.589]","[6.983, 3.836]"
multiportmmi_16x16,python_original,cpp,raw,1,0,only_candidate,19,0.052759,"[2120.096, 1587.755, 2133.018, 1600.081]","[12.922, 12.326]"
multiportmmi_16x16,python_original,cpp,raw,1,0,only_candidate,20,0.044417,"[2183.839, 1647.967, 2186.004, 1653.269]","[2.165, 5.302]"
multiportmmi_16x16,python_original,cpp,raw,2,0,only_baseline,1,0.118728,"[2142.953, 1710.66, 2147.34, 1715.047]","[4.387, 4.387]"
multiportmmi_16x16,python_original,cpp,raw,2,0,only_baseline,2,0.076308,"[2180.73, 1648.493, 2185.115, 1652.878]","[4.385, 4.385]"
multiportmmi_16x16,python_original,cpp,raw,2,0,only_baseline,3,0.076308,"[2130.882, 1698.644, 2135.267, 1703.029]","[4.385, 4.385]"
multiportmmi_16x16,python_original,cpp,raw,2,0,only_baseline,4,0.067923,"[2180.752, 1548.497, 2185.136, 1552.881]","[4.384, 4.384]"
multiportmmi_16x16,python_original,cpp,raw,2,0,only_baseline,5,0.059371,"[2230.733, 1598.188, 2235.117, 1602.572]","[4.384, 4.384]"
multiportmmi_16x16,python_original,cpp,raw,2,0,only_baseline,6,0.050817,"[4008.789, 1487.069, 4013.173, 1491.453]","[4.384, 4.384]"
multiportmmi_16x16,python_original,cpp,raw,2,0,only_baseline,7,0.033878,"[5497.252, 2022.365, 5501.635, 2026.748]","[4.383, 4.383]"
multiportmmi_16x16,python_original,cpp,raw,2,0,only_baseline,8,0.029689,"[4078.423, 1556.716, 4082.807, 1561.097]","[4.384, 4.381]"
multiportmmi_16x16,python_original,cpp,raw,2,0,only_baseline,9,0.025365,"[3994.366, 1472.691, 3998.747, 1477.072]","[4.381, 4.381]"
multiportmmi_16x16,python_original,cpp,raw,2,0,only_baseline,10,0.025365,"[4088.676, 1566.943, 4093.057, 1571.324]","[4.381, 4.381]"
multiportmmi_16x16,python_original,cpp,raw,2,0,only_baseline,11,0.025365,"[2130.755, 1598.809, 2135.136, 1603.19]","[4.381, 4.381]"
multiportmmi_16x16,python_original,cpp,raw,2,0,only_baseline,12,0.025365,"[5434.448, 1960.171, 5438.829, 1964.552]","[4.381, 4.381]"
multiportmmi_16x16,python_original,cpp,raw,2,0,only_baseline,13,0.008455,"[5376.668, 1902.951, 5381.049, 1907.332]","[4.381, 4.381]"
multiportmmi_16x16,python_original,cpp,raw,2,0,only_candidate,1,0.118728,"[2142.806, 1710.807, 2147.193, 1715.194]","[4.387, 4.387]"
multiportmmi_16x16,python_original,cpp,raw,2,0,only_candidate,2,0.076308,"[2180.874, 1648.349, 2185.259, 1652.734]","[4.385, 4.385]"
multiportmmi_16x16,python_original,cpp,raw,2,0,only_candidate,3,0.076308,"[2130.738, 1698.788, 2135.123, 1703.173]","[4.385, 4.385]"
multiportmmi_16x16,python_original,cpp,raw,2,0,only_candidate,4,0.067923,"[2180.896, 1548.353, 2185.28, 1552.737]","[4.384, 4.384]"
multiportmmi_16x16,python_original,cpp,raw,2,0,only_candidate,5,0.059371,"[2230.876, 1598.045, 2235.26, 1602.429]","[4.384, 4.384]"
multiportmmi_16x16,python_original,cpp,raw,2,0,only_candidate,6,0.050817,"[4008.647, 1487.211, 4013.031, 1491.595]","[4.384, 4.384]"
multiportmmi_16x16,python_original,cpp,raw,2,0,only_candidate,7,0.033878,"[5497.111, 2022.506, 5501.494, 2026.889]","[4.383, 4.383]"
multiportmmi_16x16,python_original,cpp,raw,2,0,only_candidate,8,0.029689,"[4078.562, 1556.573, 4082.946, 1560.954]","[4.384, 4.381]"
multiportmmi_16x16,python_original,cpp,raw,2,0,only_candidate,9,0.025365,"[3994.224, 1472.833, 3998.605, 1477.214]","[4.381, 4.381]"
multiportmmi_16x16,python_original,cpp,raw,2,0,only_candidate,10,0.025365,"[4088.818, 1566.801, 4093.199, 1571.182]","[4.381, 4.381]"
multiportmmi_16x16,python_original,cpp,raw,2,0,only_candidate,11,0.025365,"[2130.897, 1598.667, 2135.278, 1603.048]","[4.381, 4.381]"
multiportmmi_16x16,python_original,cpp,raw,2,0,only_candidate,12,0.025365,"[5434.306, 1960.313, 5438.687, 1964.694]","[4.381, 4.381]"
multiportmmi_16x16,python_original,cpp,raw,2,0,only_candidate,13,0.008455,"[5376.528, 1903.091, 5380.909, 1907.472]","[4.381, 4.381]"
multiportmmi_16x16,python_original,cpp,raw,44,0,only_baseline,1,0.49,"[5573.85, 2246.65, 5574.55, 2247.35]","[0.7, 0.7]"
multiportmmi_16x16,python_original,cpp,raw,44,0,only_baseline,2,0.49,"[5575.85, 2246.65, 5576.55, 2247.35]","[0.7, 0.7]"
multiportmmi_16x16,python_original,cpp,raw,44,0,only_baseline,3,0.49,"[5577.85, 2246.65, 5578.55, 2247.35]","[0.7, 0.7]"
multiportmmi_16x16,python_original,cpp,raw,44,0,only_baseline,4,0.49,"[5579.85, 2246.65, 5580.55, 2247.35]","[0.7, 0.7]"
multiportmmi_16x16,python_original,cpp,raw,44,0,only_baseline,5,0.49,"[5794.65, 2246.65, 5795.35, 2247.35]","[0.7, 0.7]"
multiportmmi_16x16,python_original,cpp,raw,44,0,only_baseline,6,0.49,"[5796.65, 2246.65, 5797.35, 2247.35]","[0.7, 0.7]"
multiportmmi_16x16,python_original,cpp,raw,44,0,only_baseline,7,0.49,"[5798.65, 2246.65, 5799.35, 2247.35]","[0.7, 0.7]"
multiportmmi_16x16,python_original,cpp,raw,44,0,only_baseline,8,0.49,"[5800.65, 2246.65, 5801.35, 2247.35]","[0.7, 0.7]"
multiportmmi_16x16,python_original,cpp,raw,44,0,only_baseline,9,0.49,"[5573.85, 2248.65, 5574.55, 2249.35]","[0.7, 0.7]"
multiportmmi_16x16,python_original,cpp,raw,44,0,only_baseline,10,0.49,"[5575.85, 2248.65, 5576.55, 2249.35]","[0.7, 0.7]"
multiportmmi_16x16,python_original,cpp,raw,44,0,only_baseline,11,0.49,"[5577.85, 2248.65, 5578.55, 2249.35]","[0.7, 0.7]"
multiportmmi_16x16,python_original,cpp,raw,44,0,only_baseline,12,0.49,"[5579.85, 2248.65, 5580.55, 2249.35]","[0.7, 0.7]"
multiportmmi_16x16,python_original,cpp,raw,44,0,only_baseline,13,0.49,"[5794.65, 2248.65, 5795.35, 2249.35]","[0.7, 0.7]"
multiportmmi_16x16,python_original,cpp,raw,44,0,only_baseline,14,0.49,"[5796.65, 2248.65, 5797.35, 2249.35]","[0.7, 0.7]"
multiportmmi_16x16,python_original,cpp,raw,44,0,only_baseline,15,0.49,"[5798.65, 2248.65, 5799.35, 2249.35]","[0.7, 0.7]"
multiportmmi_16x16,python_original,cpp,raw,44,0,only_baseline,16,0.49,"[5800.65, 2248.65, 5801.35, 2249.35]","[0.7, 0.7]"
multiportmmi_16x16,python_original,cpp,raw,44,0,only_baseline,17,0.49,"[5573.85, 2250.65, 5574.55, 2251.35]","[0.7, 0.7]"
multiportmmi_16x16,python_original,cpp,raw,44,0,only_baseline,18,0.49,"[5575.85, 2250.65, 5576.55, 2251.35]","[0.7, 0.7]"
multiportmmi_16x16,python_original,cpp,raw,44,0,only_baseline,19,0.49,"[5577.85, 2250.65, 5578.55, 2251.35]","[0.7, 0.7]"
multiportmmi_16x16,python_original,cpp,raw,44,0,only_baseline,20,0.49,"[5579.85, 2250.65, 5580.55, 2251.35]","[0.7, 0.7]"
multiportmmi_16x16,python_original,cpp,raw,44,0,only_candidate,1,0.49,"[5572.85, 2245.65, 5573.55, 2246.35]","[0.7, 0.7]"
multiportmmi_16x16,python_original,cpp,raw,44,0,only_candidate,2,0.49,"[5574.85, 2245.65, 5575.55, 2246.35]","[0.7, 0.7]"
multiportmmi_16x16,python_original,cpp,raw,44,0,only_candidate,3,0.49,"[5576.85, 2245.65, 5577.55, 2246.35]","[0.7, 0.7]"
multiportmmi_16x16,python_original,cpp,raw,44,0,only_candidate,4,0.49,"[5578.85, 2245.65, 5579.55, 2246.35]","[0.7, 0.7]"
multiportmmi_16x16,python_original,cpp,raw,44,0,only_candidate,5,0.49,"[5580.85, 2245.65, 5581.55, 2246.35]","[0.7, 0.7]"
multiportmmi_16x16,python_original,cpp,raw,44,0,only_candidate,6,0.49,"[5793.65, 2245.65, 5794.35, 2246.35]","[0.7, 0.7]"
multiportmmi_16x16,python_original,cpp,raw,44,0,only_candidate,7,0.49,"[5795.65, 2245.65, 5796.35, 2246.35]","[0.7, 0.7]"
multiportmmi_16x16,python_original,cpp,raw,44,0,only_candidate,8,0.49,"[5797.65, 2245.65, 5798.35, 2246.35]","[0.7, 0.7]"
multiportmmi_16x16,python_original,cpp,raw,44,0,only_candidate,9,0.49,"[5799.65, 2245.65, 5800.35, 2246.35]","[0.7, 0.7]"
multiportmmi_16x16,python_original,cpp,raw,44,0,only_candidate,10,0.49,"[5801.65, 2245.65, 5802.35, 2246.35]","[0.7, 0.7]"
multiportmmi_16x16,python_original,cpp,raw,44,0,only_candidate,11,0.49,"[5572.85, 2247.65, 5573.55, 2248.35]","[0.7, 0.7]"
multiportmmi_16x16,python_original,cpp,raw,44,0,only_candidate,12,0.49,"[5574.85, 2247.65, 5575.55, 2248.35]","[0.7, 0.7]"
multiportmmi_16x16,python_original,cpp,raw,44,0,only_candidate,13,0.49,"[5576.85, 2247.65, 5577.55, 2248.35]","[0.7, 0.7]"
multiportmmi_16x16,python_original,cpp,raw,44,0,only_candidate,14,0.49,"[5578.85, 2247.65, 5579.55, 2248.35]","[0.7, 0.7]"
multiportmmi_16x16,python_original,cpp,raw,44,0,only_candidate,15,0.49,"[5580.85, 2247.65, 5581.55, 2248.35]","[0.7, 0.7]"
multiportmmi_16x16,python_original,cpp,raw,44,0,only_candidate,16,0.49,"[5793.65, 2247.65, 5794.35, 2248.35]","[0.7, 0.7]"
multiportmmi_16x16,python_original,cpp,raw,44,0,only_candidate,17,0.49,"[5795.65, 2247.65, 5796.35, 2248.35]","[0.7, 0.7]"
multiportmmi_16x16,python_original,cpp,raw,44,0,only_candidate,18,0.49,"[5797.65, 2247.65, 5798.35, 2248.35]","[0.7, 0.7]"
multiportmmi_16x16,python_original,cpp,raw,44,0,only_candidate,19,0.49,"[5799.65, 2247.65, 5800.35, 2248.35]","[0.7, 0.7]"
multiportmmi_16x16,python_original,cpp,raw,44,0,only_candidate,20,0.49,"[5801.65, 2247.65, 5802.35, 2248.35]","[0.7, 0.7]"
